vid,payee,verdict,confidence,overtaker_interest,recommended_action,false_positive_markers,public_context,data_explanation
IV0000002957,BLUE CROSS BLUE SHIELD OF AZ INC,false_positive_marker,high,1,suppress_marker,new_vendor_large; new_vendor_dominant; offcontract,,"All flagged rows are ADOA (Dept of Administration) payments under appropriation ""NON APPROPRIATED BENEFITS PROGRAM"", category OTHER OPERATING EXPENDITURES, paid via ACH — i.e. the State of Arizona's self-insured employee health benefits program with BCBS-AZ as the medical health plan/TPA. hv_base shows continuous, steadily-growing payments back to FY2016 ($171M in 2016 rising to $455M in 2025) under the SAME agency and SAME appropriation, so this is a long-standing benefits disbursement, not a new or discretionary relationship. The model's first_year_seen=2021 and the new_vendor_dominant/new_v"
VC0000004547,UNITED HEALTHCARE,explained_benign,high,2,downgrade,peer_outlier; robust_z_in_agencycat; offcontract; sole_source; whole_dollar; nonstd_rail; manual_rail_disc,,"All 158 flagged Tier-1 txns (and full hv_base history) are a single agency (DEPT OF ADMINISTRATION) paying UnitedHealthcare out of appropriation 'NON APPROPRIATED BENEFITS PROGRAM' from fund 'SPECIAL EMPLOYEE HEALTH INSURANCE TRUST FUND', category OTHER OPERATING EXPENDITURES. These are the State of Arizona's self-insured employee health-benefits-trust premium/administration remittances to its medical carrier: 53-76 regular payments per year in the $7-10M range (FY2016 $351M, FY2017 $375M, FY2018 $385M, FY2021 $42M partial). This is benign-by-structure (health-plan/benefits disbursement), anal"
VC0000023979,PUBLIC SAFETY PERSONNEL RETIREMENT SYSTEM,explained_benign,high,2,downgrade,june_round; round_1m; round_100k; agency_benford,,"The $1.005B Tier-1 total is dominated by FY2021 appropriations literally named ""PSPRS DPS UNFUNDED LIABILITY REDUCTION"" and ""PSPRS CORP CORRECTIONS UNFUNDED LIABILITY REDUCTION"" (category OTHER OPERATING EXPENDITURES) — a one-time legislative lump-sum paydown of pension unfunded liability, booked as round $99M and $5M amounts in June FY2021. These exact round-number, fiscal-year-end characteristics are precisely what triggered the june_round, round_1m, and round_100k markers; the appropriation names themselves DOCUMENT the purpose (pension liability paydown), which is benign-by-structure per t"
IV0000039519,NAPHCARE INC,mixed,high,4,annotate,no_contract_named; offcontract; new_vendor_large; new_vendor_dominant,"NaphCare is a private correctional-healthcare provider awarded a five-year, ~$1.4B ($279.7M/yr) full-risk Arizona DOC inmate medical/mental/dental contract effective Oct 2022. In Feb 2026 a federal judge ordered a court-appointed receivership over Arizona prison healthcare with authority to renegotiate or terminate the NaphCare contract after sustained constitutional-violation litigation.","All 88 Tier-1 txns (203 hv rows, FY2023-2025) are one payee -> one agency (DEPT OF CORRECTIONS), one category (PROFESSIONAL AND OUTSIDE SERVICES), one appropriation (INMATE HEALTH CARE CONTRACTED SERVICES), one contract CTR060508 ('INMATE CORRECTIONAL HEALTHCARE'/'...AMENDMENT'), paid as regular ACH installments. This is a single documented major statewide correctional-healthcare contract. sole_source/whole_dollar/round_1m/peer_outlier reflect the contract's nature (awarded full-risk capitation, large size, round installment billing) and should be downweighted. The new_vendor_large/new_vendor_"
VC0000010584,BANK OF AMERICA - AZ,explained_benign,high,2,downgrade,offcontract; whole_dollar; round_100k; vendor_dependency; peer_outlier,,"99.9% of the $598M flagged is Arizona Lottery Commission ""PRIZE FUND""/""PRIZE FUND REVENUE"" appropriations (OTHER OPERATING EXPENDITURES) — Bank of America is the lottery's prize-fund depository/disbursement bank, the canonical ""Lottery -> banks"" structural-benign case. The remaining ~$5M to STATE TREASURER is appropriation ""BANKING FEES"" (routine state depository service charges), and a single $161K Office of Tourism Prop 202 item is immaterial. No discretionary or off-pattern professional-services spend exists."
IV0000034229,PULICE - FNF - FLATIRON JOINT VENTURE,explained_benign,high,2,annotate,offcontract; no_contract_named; new_vendor_large,"Pulice-FNF-Flatiron is a recognizable joint venture of three heavy-civil highway contractors (Pulice Construction, FNF Construction, Flatiron) that builds major Arizona freeway projects under ADOT, typically Maricopa Association of Governments freeway-program and federal-aid-funded design-build contracts (e.g., the Loop 202 South Mountain Freeway corridor).","All 100 high-value rows ($523M total FY2021-2025) are to a single agency (Arizona DEPT OF TRANSPORTATION), 100% category CAPITAL OUTLAY, paid from appropriations 'FEDERAL AID' and 'M-RARF CONSTRUCT FREEWAYS OTH RT' (Maricopa County Regional Area Road Fund freeway construction). Payments are large ACH progress draws ($1M-$23M) ramping across years like a multi-year design-build freeway contract. vendor_share_of_agency_year is only 0.8%-3.7% (NOT a concentrated/dominant vendor at ADOT). The spend is fully explained by the appropriation/category as routine major-highway capital construction."
PZ000051407,CONNECT 202 PARTNERS,explained_benign,high,3,annotate,offcontract; no_contract_named; whole_dollar; peer_outlier; nonstd_rail,"Connect 202 Partners is the Fluor-led LLC (with Granite Construction, Ames Construction and Parsons Brinckerhoff) awarded ADOT's ~$1.66B Loop 202 South Mountain Freeway design-build-maintain contract - Arizona's largest highway project and first freeway P3, built 2016-2019 with a 30-year maintenance term.","All 67 high-value rows go to a single agency (ADOT) under appropriations FEDERAL AID ($314M), DEBT SERVICE ($111M) and M-RARF CONSTRUCT FREEWAYS ($47M) - the exact funding streams for a major highway capital project. Spend follows a textbook construction curve: FY2016 $26M ramp-up, FY2017 $187M, FY2018 $250M peak, FY2021 $9M tail. The FY2016 rows DO carry a contract (contract_name CH882701C, contract_number ADOT16-127130 / ADOT16-130420), proving a formal contracted relationship; the offcontract / no_contract_named markers fired only on FY2017+ ACH progress-payment rows where contract fields a"
PZ000012471,BLUE CROSS BLUE SHIELD OF AZ INC,explained_benign,high,1,suppress_marker,"offcontract — contract_number is only ~17% populated even within DOA OTHER OPERATING EXPENDITURES and NULL on every BCBS row; weak/structural per known caveat; whole_dollar — clear misfire: of 113 flagged rows only 1 is actually whole-dollar; the rest carry cents (e.g. 14,356,265.82); peer_outlier — BCBS is the top medical carrier in the benefits appropriation, so a high robust-z vs peers is structurally inevitable, not anomalous",,"All 36 flagged Tier-1 rows and the full ~$416M FY2016-2018 history are recurring ACH payments from DEPT OF ADMINISTRATION, appropriation 'NON APPROPRIATED BENEFITS PROGRAM' (category OTHER OPERATING EXPENDITURES) — the State of Arizona's self-funded employee health-benefits program (ADOA Benefit Services). BCBS is the medical carrier and appears alongside the expected peer set in the same appropriation: MedImpact (pharmacy), UnitedHealthcare, Aetna, Cigna/Connecticut General, Delta Dental, Hartford, Minnesota Life. BCBS being the single largest payee is structurally expected for the dominant m"
IV0000053764,KIEWIT-FANN JOINT VENTURE,explained_benign,high,2,annotate,offcontract; no_contract_named; peer_outlier; new_vendor_large; whole_dollar,"Kiewit-Fann is a joint venture of Kiewit Infrastructure and Fann Contracting (both established Arizona/Southwest civil contractors), formed to deliver ADOT's Interstate 17 Anthem-to-Sunset Point widening — the state's largest current freeway project, procured as a design-build-maintain contract with a financed/debt-service component.","100% of the vendor's ~$385M (105 high-value rows; Tier-1 $315M/49 txns) is a single agency (ADOT / DEPT OF TRANSPORTATION), category CAPITAL OUTLAY, paid by ACH, FY2023-2025. Appropriations are unambiguously construction: INTERSTATE 17 EXPANSION ($164M; AZ's largest active freeway widening), HIGHWAY CONSTRUCTION, FEDERAL AID, M-RARF CONSTRUCT FREEWAYS, and DEBT SERVICE (the I-17 design-build-maintain financing). Payments are $1.9M-$21.8M progress draws — exactly what a freeway prime contractor on a megaproject generates. vendor_share_of_agency_year maxes at only ~2.8%, so it is NOT a dominant/"
PZ000004410,THE UNIVERSITY OF ARIZONA,false_positive_marker,high,1,suppress_marker,peer_outlier; robust_z_in_agencycat; nonstd_rail; offcontract; whole_dollar,,"The three Tier-1 rows ($85.9M, $85.9M warrant-mirror, $62.2M) are all the agency=UNIVERSITY OF ARIZONA paying payee=THE UNIVERSITY OF ARIZONA under appropriation_1_name='OPERATING LUMP SUM APPROPRIATION - MAIN' (also -HSC), appr_type_canon=1, category=OTHER OPERATING EXPENDITURES, payment_method=WARRANT. This is the State of Arizona's annual general-fund operating lump-sum appropriation to its own public university — an appropriation/intergovernmental flow, not a discretionary vendor payment. The peer_outlier marker and robust_z (z=64 and z=46) and vendor_share_of_agency_year=0.40 fire purely "
IV0000046838,ASHBRITT INC,genuine_review,high,5,keep,none,"AshBritt Inc, a Florida disaster-response contractor, built Governor Doug Ducey 2022 Arizona shipping-container border wall under a no-bid sole-source emergency contract (AshBritt was the only company considered), paid about 194.7M to erect and later remove the barrier; total cost exceeded 200M plus about 76M for teardown after federal objections, drawing oversight and procurement scrutiny.","15 FY2023 txns totaling 194.7M USD, all to DEPT OF EMERGENCY AND MILITARY AFFAIRS (DEMA), all from the BORDER SECURITY FUND under appropriations BORDER SECURITY FENCE AND TECHNOLOGIES and BORDER SECURITY FUND, category PROFESSIONAL AND OUTSIDE SERVICES. Every row is on one contract CTR060412, contract_name BORDER SECURITY ASSESSMENT AND SAFETY BARRIER IMPLEMENTATION. Markers fire correctly: sole_source, new_vendor_large, new_vendor_dominant, short_tenure_vendor, vendor_dependency, peer_outlier (robust_z up to 839.8), plus whole_dollar/round_1m/nonstd_rail on two WARRANT payments of exactly 4M "
11368201,ARIZONA STATE UNIVERSITY,false_positive_marker,high,1,suppress_marker,peer_outlier; whole_dollar; offcontract; sole_source; june_round,,"The two Tier-1 transactions ($90,000,000 FY2016 + $90,027,777 FY2018, $158,035,000 total) are both payments against the appropriation 'OPERATING LUMP SUM APPROPRIATION - MAIN' in category OTHER OPERATING EXPENDITURES with appr_type_canon=1 (operating appropriation). These are the State of Arizona's legislatively-appropriated operating subsidy disbursed to ASU itself via ACH — a statutory intergovernmental transfer, not a procurement. The only marker on these is peer_outlier. vendor_share_of_agency_year=1.000 and robust_z=30-40 are pure artifacts: the agency literally IS 'ARIZONA STATE UNIVERSI"
PZ000001945,SECURITY TITLE AGENCY INC,explained_benign,high,2,annotate,whole_dollar; offcontract; no_contract_named; round_100k; peer_outlier; nonstd_rail,"Security Title Agency Inc. is a long-established Arizona title insurance and escrow company (Phoenix-based, operating statewide), routinely used as the escrow/closing agent for real-property transactions including government right-of-way land acquisitions.","All 24 Tier-1 rows (and the full ~397-row, ~$235M high-value history) are CAPITAL OUTLAY at DEPT OF TRANSPORTATION under appropriations FEDERAL AID, M-RARF CONSTRUCT FREEWAYS OTH RT, HIGHWAY CONSTRUCTION, LOCAL AGENCY DEPOSITS, and the formula-driven 12.6%/2.6% RARF DISTRIBUTION transfers. 390 of 397 HV rows post to object_no 8111 (ADOT right-of-way / land-acquisition object). Security Title is a title/escrow agency: ADOT routes freeway right-of-way (parcel) acquisition and escrow settlements through title companies. It is not a lone vendor but the largest member of a clear peer group of ~15 t"
IV0000001650,UNITED HEALTHCARE SERVICES INC,explained_benign,high,2,downgrade,new_vendor_large; new_vendor_dominant; offcontract; whole_dollar,"UnitedHealthcare Services Inc is the core subsidiary of UnitedHealth Group, the largest U.S. health insurer; it administers medical/managed-care benefits, including for public-employee groups such as Arizona's state-employee health plan.","All flagged Tier-1 txns and the vendor's full ~664-row high-value history are from DEPT OF ADMINISTRATION (ADOA) under appropriation NON APPROPRIATED BENEFITS PROGRAM, category OTHER OPERATING EXPENDITURES, paid via ACH — this is the State of Arizona employee health-insurance benefits trust, with UHC as the medical/managed-care plan. Amounts are large, recurring, whole-dollar monthly capitation/premium transfers (~$7-9.5M each), benign by structure. The new_vendor_large/new_vendor_dominant markers (which drove the max risk_score 11.2 in FY2021) are misfires: 'UNITED HEALTHCARE' and 'UNITED HEA"
IV0000012155,CENTURION OF ARIZONA LLC,explained_benign,high,3,annotate,short_tenure_vendor; new_vendor_large; new_vendor_dominant; offcontract; no_contract_named,"Centurion of Arizona LLC (a Centene/MHM subsidiary) was awarded the Arizona Department of Corrections statewide inmate correctional-healthcare contract (RFP ADOC18-00008264), effective July 1, 2019, at roughly $204M per year to serve the state's 10 prison facilities.","All 50 high-value/flagged rows are a single documented major contract: Arizona DEPT OF CORRECTIONS, appropriation ""INMATE HEALTH CARE CONTRACTED SERVICES"" / ""MEDICAL STAFFING AUGMENTATION"", category ""PROFESSIONAL AND OUTSIDE SERVICES"", paid by ACH. contract_name explicitly reads ""INMATE CORRECTIONAL HEALTHCARE ADOC18-216360"" (with AMENDMENT 2/3 variants) and contract_number CTR041835 on 37 of 50 rows. Yearly totals: ~$200M FY2021, ~$75M FY2023 — consistent with the ~$204M/yr statewide inmate-healthcare contract Centurion won effective July 2019. High robust-z (up to 18.6) and 12.6% agency-year"
IV0000000997,ARIZONA STATE UNIVERSITY,false_positive_marker,high,2,suppress_marker,new_vendor_large; new_vendor_dominant; offcontract; no_contract_named; whole_dollar; round_1m; june_round; peer_outlier,Arizona State University is a public research university; its Biodesign Institute operated Arizona's statewide COVID-19 saliva-based testing program under contract with the AZ Dept of Health Services during the pandemic.,"ASU is a public state university; all flagged rows are intergovernmental pass-throughs/IGAs, benign by structural caveat (3). The two largest items ($92M FY2023, $46M FY2021) are CORONAVIRUS RELIEF FUND APPROPRIATION disbursements paid by ASU's own agency line (federal CARES/ARPA relief), not discretionary procurement. The DHS cluster (~$70M) is contract CTR050514 'EDC - ISA, COVID-19 SALIVA BASED TESTING' / 'COVID-19 SALIVA BASED TESTING' — a named interagency agreement (ASU Biodesign ran AZ's COVID saliva program). DOE rows are named ESSER III FUNDING amendments (CTR059828/059832/059825/0598"
IV0000002317,FNF CONSTRUCTION INC,explained_benign,high,2,downgrade,"new_vendor_large (first_year_seen 2021 is the system-wide NULL vendor_id artifact, caveat #1; FNF is a long-standing ADOT contractor); offcontract (caveat #2: only 8/859 rows have contract_number; a genuine ADOT contract CTR061876 exists); no_contract_named (same sparse-population artifact); whole_dollar (ADOT construction progress payments are routinely whole-dollar); peer_outlier (driven by raw transaction size on normal capital highway work; robust_z near 0, share only 4.5%)",,"FNF Construction is a road/highway construction contractor paid exclusively by AZ Dept of Transportation (1 agency, all CAPITAL OUTLAY, all ACH). Lifetime ~$678M across 859 high-value rows FY2021-2025. Appropriations are specific named federal-aid highway projects: FEDERAL AID, REPAVE SR 95 IN MOHAVE CTY, REHABILITATE PAVEMENT ON ROAD PROJECTS, REHAB SR90 PAVE, M-RARF CONSTRUCT FREEWAYS, EMERGENCY BOX CULVERT CLEARING ON US 89. One row block (FY2023) carries a real ADOT contract number CTR061876, confirming these are contracted construction jobs; the rest are NULL only because contract_number "
IV0000000572,SECURITY TITLE AGENCY INC,explained_benign,high,2,annotate,new_vendor_large; offcontract; no_contract_named; whole_dollar,"Security Title Agency, Inc. is one of Fidelity National Financial's largest Arizona title brands (50+ years in the state) providing title insurance and escrow/closing services; it has a dedicated escrow manager for ADOT government/right-of-way projects, matching the highway-acquisition disbursements seen in the data.","All 290 high-value rows ($149.6M FY2021-2025) are from a single agency, DEPT OF TRANSPORTATION, under CAPITAL OUTLAY, in highway/freeway right-of-way appropriations: FEDERAL AID, M-RARF CONSTRUCT FREEWAYS OTH RT 56-2, US ROUTE 95 EXPANSION, CONSTRUCT ROUNDABOUT AT INTERSECTION OF SR69, HIGHWAY CONSTRUCTION. transaction_description is uniformly 'N/A'; contract_name and contract_number are 100% NULL for this vendor. This is a title/escrow agency receiving ADOT disbursements for right-of-way land acquisition/escrow on state highway projects -- structurally a routine capital-program pass-through. "
IV0000039359,VIZIENT INC,explained_benign,high,2,downgrade,short_tenure_vendor; new_vendor_large; peer_outlier,"Vizient Inc is a large U.S. healthcare performance-improvement/group-purchasing company (Irving, TX). In July 2020 it partnered with the Arizona Dept of Health Services to bring ~600 out-of-state nurses into overwhelmed hospitals during the COVID-19 surge; the staffing/labor-management arm was later acquired by Aya Healthcare.","All 38 high-value rows (19 Tier-1, $72.1M flagged of $74.9M total) are a single FY2021 contract with DEPT OF HEALTH SERVICES: contract_number CTR050545, contract_name ""MANAGEMENT OF TRAVELING NURSES AND HEALTHCARE WORKERS"", appropriation_1_name ""PUBLIC HEALTH EMERGENCIES"", category1 ""PROFESSIONAL AND OUTSIDE SERVICES"", payment_method ACH. The contract IS named and populated (so 'offcontract' did not fire). This is the documented COVID-19 hospital surge-staffing program: ADHS contracted Vizient to bring ~584-600 out-of-state critical-care/med-surg nurses into Arizona hospitals during the pandem"
VC0000069791,GBC PROPERTIES LLC,mixed,medium,3,annotate,offcontract; no_contract_named; whole_dollar,GBC Properties LLC appears to be an Arizona real-estate/land-holding entity; the payments align with ADOT right-of-way land acquisition for the Maricopa Regional Area Road Fund (RARF) freeway program rather than a service/construction contract.,"All ~$74.6M of high-value spend (5 Tier-1 txns ~$71.2M) is from ONE agency, ADOT (DEPT OF TRANSPORTATION), category CAPITAL OUTLAY, under appropriations 'M-RARF CONSTRUCT FREEWAYS OTH RT 56-2' (Regional Area Road Fund / Maricopa freeway program) and 'FEDERAL AID'. Transaction descriptions are all 'N/A'; contract_name/number all NULL. The payee 'GBC PROPERTIES LLC' + these appropriations + the peer cohort (SECURITY TITLE AGENCY $94M, ZEITLIN AND ZEITLIN PC condemnation law firm $38M, plus JV freeway contractors PULICE-FNF-FLATIRON, FISHER SAND AND GRAVEL, KIEWIT-FANN) point clearly to right-of-"
PZ000001572,NORTHERN ARIZONA UNIVERSITY,false_positive_marker,high,1,suppress_marker,peer_outlier; offcontract; nonstd_rail,,"All $68.8M of Tier-1 is six FY2016 rows of appropriation_1_name='OPERATING LUMP SUM APPROPRIATION' booked under agency='NORTHERN ARIZONA UNIVERSITY' itself — i.e. the State disbursing the legislature's annual operating subsidy to its own public university. The sole Tier-1 marker is peer_outlier, driven by robust_z_in_agencycat values of 152.9 / 59.8 / 22.6 and a 25.8% agency-year share. Those z-scores are an artifact of comparing a university's whole state operating appropriation against ordinary vendor payments in the same agency/category cohort; a public university's lump-sum subsidy will al"
IV0000023826,COFFMAN AMES JOINT VENTURE,explained_benign,high,2,annotate,new_vendor_large; short_tenure_vendor; offcontract; no_contract_named; peer_outlier,"Coffman Ames Joint Venture (involving Ames Construction, a major national heavy-civil contractor) was ADOT's design-build prime contractor for the approximately $185M Loop 101 (Pima Freeway) widening project from I-17 to Pima Road, which began in February 2019. Ames is also part of the Connect 202 Partners JV on the Loop 202 South Mountain Freeway.","All 47 high-value rows (FY2021 + FY2023, ~$93M; 32 flagged Tier-1/2/3 rows ~$94M of that set) are ACH payments to a single agency, the AZ Dept of Transportation (ADOT), entirely in category CAPITAL OUTLAY. The appropriations are 'M-RARF CONSTRUCT FREEWAYS - OTH RT 56-2' (Maricopa Regional Area Road Fund freeway construction) and 'FEDERAL AID - HWY' — i.e., highway/freeway construction capital spend. The payee is a JOINT VENTURE, the standard contracting vehicle for large highway prime contracts. On the very same RARF freeway appropriation in FY2021, Coffman Ames sits among a peer set of known "
IV0000006558,FISHER SAND AND GRAVEL CO,explained_benign,high,2,downgrade,offcontract; no_contract_named; new_vendor_large; whole_dollar,"Fisher Sand & Gravel Co. (also Fisher Industries) is a large, long-established North Dakota-based heavy-civil construction and aggregates contractor active in Arizona highway work; it is a well-known DOT roadbuilding contractor (and gained national attention for border-wall bids). Its ADOT freeway/grading payments are ordinary public-works contracting.","All 211 tier rows / full 308-txn, $268M FY2021-2025 history are to ONE agency (AZ Dept of Transportation), 100% CAPITAL OUTLAY, paid by ACH, against highway-construction appropriations: ""M-RARF CONSTRUCT FREEWAYS OTH RT"" (Maricopa Regional Area Road Fund freeway program), ""FEDERAL AID"", and ""DEBT SERVICE"". These are routine progress payments to a heavy-civil road/grading contractor. Among ADOT capital-outlay peers Fisher is the 4th-largest builder (behind FNF, Pulice-FNF-Flatiron JV, Kiewit-Fann JV), i.e. normal for its peer group, and vendor_share_of_agency_year is only ~1-2% so it does not d"
IV0000057235,SUNDT CS A JOINT VENTURE,mixed,medium,3,annotate,offcontract; no_contract_named; new_vendor_large; whole_dollar,"Sundt Construction is a large employee-owned, Arizona-headquartered general/heavy-civil contractor (founded 1890); 'CS A JOINT VENTURE' denotes a project-specific JV it forms for ADOT freeway/transportation work.","All 23 high-value rows are with one agency (ADOT, DEPT OF TRANSPORTATION), category CAPITAL OUTLAY, paid by ACH. The payee is a Sundt Construction joint venture, a major AZ heavy/civil contractor. FY2023 spend (~$11.4M) is funded under 'ADOT CORONAVIRUS STATE AND LOCAL FISCAL RECOVERY' (ARPA/SLFRF) — federal infrastructure money for capital construction. FY2025 (~$64M) splits across appropriations 'FEDERAL AID', 'M-RARF CONSTRUCT FREEWAYS OTH RT 56-2' (Maricopa Regional Area Road Fund freeway construction) — all clearly benign capital road work for a construction JV. The substantive anomaly: t"
IV0000000009,GRANITE CONSTRUCTION CO,false_positive_marker,high,2,suppress_marker,new_vendor_large; offcontract; no_contract_named; peer_outlier; whole_dollar,"Granite Construction Co (NYSE: GVA) is a large publicly-traded U.S. heavy-civil/highway contractor with a Tucson, AZ office and a long-documented ADOT relationship, including ~$170M I-10 Tucson reconstruction, I-10 pavement rehab, the $55M Grant Road widening, and the Loop 202 P3. Its presence in ADOT CAPITAL OUTLAY is exactly what would be expected.","All 9 Tier-1 flagged rows (and all 259 high-value rows) are single-agency payments from DEPT OF TRANSPORTATION (ADOT), category CAPITAL OUTLAY, under appropriations FEDERAL AID ($165M/161 rows), HIGHWAY CONSTRUCTION ($12M/49 rows), 2.6 PERCENT DISTRIBUTION, and named road projects (e.g. 'REPAIR SR 186 & STATE BUSINESS ROUTE 10 IN WILCOX', 'PREVENTIVE SURFACE TREATMENTS', 'M-RARF CONSTRUCT FREEWAYS'). These are routine ACH highway-construction progress payments to a heavy-civil contractor, spread consistently across FY2021/2023/2024/2025. The driving markers all misfire structurally: (1) new_ve"
IV0000005722,PUBLIC CONSULTING GROUP INC,explained_benign,high,2,annotate,offcontract; no_contract_named,Public Consulting Group (PCG) is a private management-consulting firm that AHCCCS contracts as third-party administrator of Arizona's Medicaid School-Based Claiming Program (Direct Service + Medicaid Administrative Claiming); the most recent contract runs July 2022-June 2025 and PCG has served in this role for 11+ years.,"All 12 flagged Tier-1 rows ($44.25M total) are AHCCCS, a single appropriation ""ACUTE FEDERAL REVENUE AND EXPENSE"" under category ""PROFESSIONAL AND OUTSIDE SERVICES"", paid by ACH. They are steady, recurring payments of ~$2M-$5.3M each across FY2023, FY2024, FY2025 (roughly quarterly cadence, 4 per year) — the profile of a standing professional-services contract, not a discretionary one-off. hv_base also shows a small benign secondary stream at DEPT OF ECONOMIC SECURITY (~$519K/$389K/$519K per year) that was not flagged. vendor_share_of_agency_year is only ~0.0004-0.0005 (under 0.05% of AHCCCS s"
IV0000061315,LOCAL INITIATIVES SUPPORT CORPORATION,explained_benign,high,2,annotate,offcontract; no_contract_named,"Local Initiatives Support Corporation (LISC) is a major national nonprofit community-development financial intermediary. Its Phoenix office administered Arizona's ~$60M Child Care Infrastructure Grant program (federal ARPA/CCDF pandemic relief) on behalf of DES and First Things First, awarding facility-improvement grants to 478 child care providers statewide.","All payments are federal pandemic child-care relief flowing through FEDERAL GRANT FUND and CORONAVIRUS STATE & LOCAL FISCAL RECOVERY fund. The DES appropriation is ""DCC SLI CCDF"" (Child Care & Development Fund). Contract names in the data are explicit: ""CHILD CARE INFRASTRUCTURE BUILDING - FIRST THINGS FIRST"" and ""CHILD CARE INFRASTRUCTURE BUILDING"" (CTR065481, CTR062244, incl. Amendment #1). LISC is the documented intermediary administering Arizona's ~$60M Child Care Infrastructure Grant program for DES + First Things First, distributing ARPA/CCDF money to 478 providers. The large concentrate"
VC0000003001,DRIGGS TITLE AGENCY INC,explained_benign,high,2,annotate,first_year_seen=2021 (vendor actually appears in FY2016-2017 as $25K-$64K WARRANTs; 'new in 2021' is the known NULL-vendor_id artifact); no_contract_named / offcontract (right-of-way escrow disbursements carry no procurement contract number; contract_number only ~2-6% populated overall); whole_dollar (negotiated parcel/closing prices are naturally whole-dollar); agency_benford (fired only on the two small DPS rows; a 2-row sample cannot meaningfully fail Benford),"Driggs Title Agency Inc is an Arizona-based title and escrow company; such firms act as the neutral closing/escrow agent through which a government buyer disburses funds when acquiring real property, including highway right-of-way parcels.","Driggs Title is a title/escrow agency used by ADOT (and once by DPS) as the closing agent for real-estate / right-of-way land acquisition. Object code 8191, category2 = 'LAND AND LAND IMPROVEMENT' and 'IMPROVEMENTS OTHER THAN HIGHWAYS AND BRIDGES'; appropriations are 'M-RARF CONSTRUCT FREEWAYS - OTH RT 56-2' (Maricopa Regional Area Road Fund freeway construction) and 'FEDERAL AID - HWY', paid from the REGIONAL AREA ROAD FUND. The two DPS rows are 'DPS JOINT FUND / BUILDINGS AND BUILDING IMPROVEMENTS' (a property closing). Large, lumpy, whole-dollar amounts are inherent to escrow disbursement f"
PZ000010983,MARICOPA COUNTY,false_positive_marker,high,2,suppress_marker,offcontract; no_contract_named; nonstd_rail; whole_dollar; round_1m; peer_outlier,,"Maricopa County is Arizona's largest county government; hv_base shows $1.43B over 6,099 high-value txns across 24 agencies (FY2016-2021) — an unambiguous intergovernmental / state-aid pass-through relationship. The entire Tier-1 set ($34.2M/10 txns) is ADOT CAPITAL OUTLAY: 'FEDERAL AID' (federal-aid highway dollars passed through ADOT to the county as local project sponsor) and 'M-RARF CONSTRUCT FREEWAYS' (Maricopa Regional Area Road Fund half-cent transportation tax funding county/MAG freeway construction) — scheduled construction reimbursements, not discretionary procurement. Other flagged i"
IV0000030792,SUNDT CONSTRUCTION INC,explained_benign,high,2,downgrade,new_vendor_large; offcontract; no_contract_named,"Sundt Construction is a major employee-owned general contractor headquartered in Tempe, Arizona (founded 1890), and one of the largest builders in the Southwest, with a long history of Arizona Department of Transportation highway and freeway work.","All rows are from one agency, DEPT OF TRANSPORTATION (ADOT), category CAPITAL OUTLAY, paid by ACH. Appropriations are standard highway items: FEDERAL AID, HIGHWAY CONSTRUCTION, DEBT SERVICE, M-RARF CONSTRUCT FREEWAYS, and 2.6 PERCENT DISTRIBUTION. Funds are STATE HIGHWAY FUND, HIGHWAY BOND PROCEEDS FUND, and REGIONAL AREA ROAD FUND. transaction_description is N/A throughout. Full hv_base history: FY2021 ~$6.2M (18 txns), FY2023 ~$329K, FY2024 ~$444K, FY2025 ~$55.0M (26 txns); lifetime ~$62M. The Tier-1 flags ($30.6M / 4 txns) are the largest FY2025 single draws ($9.2M, $9.0M, $6.9M, $5.5M) und"
VC0000010109,ZEITLIN AND ZEITLIN PC,explained_benign,high,2,annotate,offcontract; no_contract_named; nonstd_rail; whole_dollar; round_1m; round_100k; peer_outlier,"Zeitlin & Zeitlin, P.C. is a Phoenix, AZ law firm (founded 1993, Dale & Dawn Zeitlin) specializing in eminent domain and inverse condemnation, representing property owners in government takings; principal Dale Zeitlin has handled over $100M in eminent-domain cases. ADOT payments to it are right-of-way acquisition/condemnation just-compensation payouts.","All 22 high-value rows (FY2016-2025, ~$41.7M total; Tier-1 $29.6M across 3 txns) are from ADOT, all category CAPITAL OUTLAY, under right-of-way / freeway-construction appropriations: ""M-RARF CONSTRUCT FREEWAYS OTH RT 56-2"" (Regional Area Road Fund freeway construction), ""LOCAL AGENCY DEPOSITS"", ""FEDERAL AID"", ""HIGHWAY CONSTRUCTION"". Payee is a ""PC"" (professional corp) and is a known Phoenix eminent-domain/condemnation law firm. The lumpy, round-number warrant payments ($16,244,000 in FY2018; $12,000,000 + $4,664,384 in FY2025; $1,326,795 in FY2016) are the classic signature of right-of-way / c"
IV0000006755,THE WEITZ CO,explained_benign,high,2,suppress_marker,new_vendor_large; new_vendor_dominant; short_tenure_vendor; offcontract; no_contract_named,"The Weitz Company was the construction-manager-at-risk (with architect SmithGroup) for the Arizona Department of Veterans' Services on the Flagstaff and Yuma State Veteran Homes — two 74,000 sq ft, 80-bed facilities; groundbreaking 2019, scheduled completion June 2021. This confirms the FY2021 draws as routine progress payments on a documented, publicly announced capital project.","All 24 flagged FY2021 transactions ($33M HV / $27.2M Tier-1) are scheduled CAPITAL OUTLAY construction draws for the Arizona State Veteran Homes. Appropriation names explicitly read ASVH FLAGSTAFF CONSTRUCTION, ASVH - YUMA CONSTRUCTION, and VDF ADMINISTRATION; all paid by ACH at DEPT OF VETERANS SERVICES. These are progress payments on two large veterans-home builds, not discretionary spend. Critically, hv_base shows THE WEITZ CO already present at this same agency in FY2019 ($198K) and FY2020 ($21.6M, peak construction) — both years carry NULL vid system-wide (known caveat), so the model wron"
IV0000000903,CGI TECHNOLOGIES AND SOLUTIONS INC,explained_benign,high,2,suppress_marker,new_vendor_large; offcontract,"CGI Technologies and Solutions Inc. is the US arm of CGI Inc., a major publicly traded Canadian IT/systems-integration firm; it is the long-standing integrator behind Arizona's statewide AFIS (Arizona Financial Information System) ERP and the HRIS replacement.","All spend is one vendor to one agency (Dept of Administration) for named ERP/HR systems-integration work: AFIS (Arizona Financial Information System, the state accounting backbone), AFIS REPLACEMENT/ERP, HRIS REPLACEMENT, AFIS COLLECTIONS. Nearly every flagged row carries an explicitly named contract (contract_name = 'ARIZONA FINANCIAL INFORMATION SYSTEM REPLACEMENT', 'HUMAN RESOURCES INFORMATION SYSTEM (HRIS) AMENDMENT #2/#3/#4', etc.) with real contract_numbers ADSPO13-043465 (AFIS), CTR061240 (HRIS), ADSPO16-157078, ADSPO17-169218. This is a documented, multi-year major IT contract, not an "
VC0000006143,DEPARTMENT OF HEALTH AND HUMAN SERVICES,false_positive_marker,high,1,suppress_marker,offcontract; nonstd_rail; sole_source; whole_dollar; peer_outlier,,"Payee is the US federal Department of Health and Human Services (HHS) being paid BY Arizona state agencies (mainly Dept of Administration / ADOA), i.e. an intergovernmental remittance to the US government, not a procured vendor. Appropriations are all routine/administrative: ""FEDERAL PAYMENTS"" (the Tier-1 large items, $14.5M FY2018, $6.2M+$3.6M FY2016, $5.4M FY2025, drawn from SPECIAL EMPLOYEE HEALTH INS TRUST and RISK MANAGEMENT FUND), ""ANNUAL REVERSION ARS 41-750C"" (statutory return of unspent Personnel Division appropriations), ""GAO STIMULUS ADMIN"" (federal stimulus admin), and ""NON-APPROPR"
IV0000000310,DELOITTE CONSULTING,mixed,high,2,annotate,nonstd_rail; offcontract; no_contract_named; whole_dollar; peer_outlier,"Deloitte Consulting LLP is one of the Big Four professional-services firms and a leading government IT systems integrator; it commonly holds multi-year state contracts for replacing legacy child-support, eligibility, and enterprise application systems.","Deloitte is a major IT systems-integrator for Arizona. 46 of 48 high-value rows ($39.7M of $42.1M) carry a contract number, far above the ~4% baseline. Spend is concentrated on named multi-year contracts: CTR052815 ""IMPLEMENTATION SERVICES FOR ATLAS REPLACEMENT PROJECT"" amendments #1-#10 (DES Division of Child Support Services modernization, $34.9M FY2021-2025); CTR070213 ""DIGITAL GOVERNMENT AND ENTERPRISE APPLICATION SERVICES"" ($4.1M FY2025); CTR076760 ADOT Capital Project Delivery System; CTR076116 Human Capital Management Plan. The high robust-z (up to 101) and whole_dollar markers are expl"
IV0000008944,COFFMAN SPECIALTIES INC,explained_benign,high,2,downgrade,offcontract; no_contract_named; peer_outlier,"Coffman Specialties, Inc. is an established heavy-civil/highway construction firm (founded 1991, Woman-Owned Business Enterprise) with documented major ADOT design-build contracts, including a ~$410M I-10 corridor project (with Fisher Sand & Gravel/Stantec) and a $41.9M US-60/Bell Road interchange in Surprise, AZ.","All 20 FY2025 high-value rows are ADOT (DEPT OF TRANSPORTATION) CAPITAL OUTLAY payments under appropriation FEDERAL AID (plus a few M-RARF CONSTRUCT FREEWAYS rows), paid by ACH out of STATE HIGHWAY FUND and REGIONAL AREA ROAD FUND. This is routine federal-aid highway construction progress billing. COFFMAN's FY2025 total ($47.5M) sits squarely among ADOT's mainstream heavy-civil contractors in the same bucket (FNF $223M, Kiewit-Fann $126M, Pulice-FNF-Flatiron $102M, Fisher Sand & Gravel $93M, Sundt, Granite, Fann), and its vendor_share_of_agency_year is only ~0.96%. The 'peer_outlier' robust_z "
IV0000009965,GEO SECURE SERVICES LLC,explained_benign,high,3,annotate,offcontract; nonstd_rail; new_vendor_large,"GEO Secure Services LLC is a subsidiary of The GEO Group (NYSE: GEO), a publicly traded private-prison and detention operator that runs Arizona facilities including ASP-Kingman, Florence West, and Phoenix West under long-standing Arizona Department of Corrections contracts.","All 586 high-value rows (335 flagged, ~$265M FY2021-2025) go to a single agency, DEPT OF CORRECTIONS, under appropriation PRIVATE PRISON PER DIEM with named, numbered ADOC contracts (ASP-Kingman ADOC16-113022; CACF ADOC17-166204; plus ASP-Phoenix West, Florence West). contract_number is 97.6% populated (6 distinct contracts) for this vendor, so 'offcontract'/'nonstd_rail' (which fired on only 10 rows, all still carrying a contract_name) misfired. 'new_vendor_large' is the FY2019/2020 NULL vendor_id caveat — GEO has operated AZ private prisons for over a decade; first_year_seen 2021 is artifact"
IV0000016996,MOTOROLA SOLUTIONS INC,false_positive_marker,high,2,suppress_marker,new_vendor_large; offcontract,"Motorola Solutions Inc. (NYSE: MSI, headquartered near Chicago) is the dominant U.S. provider of public-safety land-mobile-radio (P25) systems; multi-year, multi-million-dollar statewide radio contracts with state police/DOT agencies are its core line of business.","Every flagged row is Motorola selling land mobile radio / public-safety communications equipment to AZ public-safety agencies (DPS dominant, plus ADOT, Corrections, DEMA/Army Nat'l Guard, Game & Fish). All Tier-1 rows share one contract: name ""PUBLIC COMMUNICATION EQUIPMENT AND SERVICES"", number CTR046830 (a populated statewide contract). Appropriations are mission-named: LAND MOBILE RADIO EXPANSION AND UPGRADES, RADIO LIFECYCLE REPLACEMENT, DPS JOINT FUND; booked to CAPITAL EQUIPMENT. hv_base shows Motorola is an OLD vendor present since FY2016 ($2-7M/yr in 2016-2020, $5.4M in both FY2019 and"
VC0000080576,CRE-WPL ESTRELLA JV LLC,explained_benign,medium,2,downgrade,short_tenure_vendor; new_vendor_large; offcontract; no_contract_named; peer_outlier,"""Estrella"" is a master-planned community in Goodyear, Arizona (southwest Maricopa County), in the SR-30 / Loop 303 freeway corridor; ""CRE-WPL Estrella JV LLC"" reads as a commercial-real-estate joint venture entity. A targeted web search confirmed only the general ADOT right-of-way land-acquisition context, not the specific JV (single-purpose land-holding LLCs are not independently searchable).","3 FY2024 transactions to DEPT OF TRANSPORTATION, all CAPITAL OUTLAY, totaling ~$24.3M: $18.56M and $5.45M under appropriations ""M-RARF CONSTRUCT FREEWAYS OTH RT 56-2"" (Maricopa Regional Area Road Fund freeway construction) and ""FEDERAL AID"", plus a $329K tail. The payee name and the peer set are the signature of right-of-way / land acquisition for freeway construction: in the same agency/category/M-RARF appropriation for FY2024 the largest payees include GBC Properties LLC, Boschma Land Trust, Security Title Agency, and Zeitlin and Zeitlin PC (a law firm) alongside heavy-civil JVs (Pulice-FNF-"
VC0000004097,J AND H MARSH AND MCLENNAN,explained_benign,high,2,downgrade,"whole_dollar — insurance premiums/loss payments are routinely round-dollar; 66/70 whole is expected for a broker, not suspicious; offcontract — contract_number is only ~19% populated dataset-wide (11201/58376) and 0% for this vendor; weak alone per structural caveat #2; premiums paid via warrant against an appropriation, no line-item contract number captured; nonstd_rail — fired despite payment_method being plain WARRANT (the most standard state disbursement rail); the marker appears to misclassify these routine warrants",Marsh & McLennan (Marsh USA / J&H Marsh & McLennan) is the world's largest insurance brokerage and risk-advisory firm; states routinely retain it to place property/casualty and workers' compensation coverage and pay premiums for self-insurance/risk-management programs.,"Every row (FY2016-FY2023, 82 high-value txns, all by WARRANT) goes to a single agency, DEPT OF ADMINISTRATION, under appropriations literally named ""RISK MANAGEMENT LOSSES AND PREMIUMS"" and ""WORKERS COMPENSATION LOSSES & PREMIUMS"", category OTHER OPERATING EXPENDITURES. This is ADOA Risk Management's self-insurance program paying insurance premiums/losses through Marsh, the world's largest insurance broker. The appropriation name itself states the purpose. Vendor concentration is negligible: max vendor_share_of_agency_year is ~0.8%, so this is NOT a dominant/concentrated vendor. The risk_score"
VC0000022758,STATE TREASURER,false_positive_marker,high,1,suppress_marker,person_name_payee; offcontract; nonstd_rail; round_100k; whole_dollar,,"Payee is ""STATE TREASURER"" — the Arizona State Treasurer's office, a government entity, not a private vendor or person. All 16 flagged rows carry person_name_payee, which is a regex misfire on the office name. Two streams: (1) 14 rows under STATE TREASURER agency / appropriation ""COM COL REIMBURSEMENT ARS 15-1469-01"" — statutory community-college state-aid reimbursement under A.R.S. 15-1469, recurring every year 2017-2025 and growing ($23M->$44M/yr), whole-dollar/round amounts because it is a statutory formula distribution; offcontract/whole_dollar/round_100k/nonstd_rail are all expected for a"
IV0000016232,GCOM SOFTWARE LLC,explained_benign,high,3,annotate,whole_dollar,"GCOM Software LLC (now rebranded Voyatek) was selected by the Arizona Dept of Revenue in Aug 2023 for a ~15-year, ~$79.1M contract to build the STARS integrated tax system (RevHub platform, with subcontractor Kyndryl). The multi-year modernization is publicly documented and ongoing (completion ~2029-2030).","All 10 high-value rows (7 Tier-1) are a single documented contract: CTR066383 ""ARIZONA INTEGRATED TAX SYSTEM MODERNIZATION - STARS PROGRAM"" (with named Amendments #1/#2) at DEPT OF REVENUE, charged to the dedicated appropriation INTEGRATED TAX SYSTEM MODERNIZATION. Contract number is POPULATED on every row, so no offcontract/no-contract concern. Spend is ~$15.79M across FY2024 (7 txns, 11.7% of DOR) and ~$3.25M FY2025 (3 txns, 3.2%), all via ACH against the same contract. The high robust_z (up to 46) and peer_outlier/agency_benford fire because these are genuinely large, lumpy capital-equipmen"
PZ000057277,"ACTIVE RESOURCE MANAGEMENT, LLC",genuine_review,high,4,keep,,"ACTIVE RESOURCE MANAGEMENT, LLC (ARM) was a water-asset holding company (owned by Vidler Water Company) that sold 50,000 Long Term Storage Credits to the Arizona Water Banking Authority for $12.5M (~$250/credit). Local reporting (Desert Water Grab) characterized it as a private sale to the water bank at a notably high price relative to ARM's underlying acquisition cost.","Single $12,500,000 ACH payment in FY2017 from DEPT OF WATER RESOURCES, AZ WATER BANKING fund, appropriation WATER BANKING AUTHORITY, coded OTHER OPERATING EXPENDITURES, no contract_name/number. It is this vendor's only transaction in the entire dataset (hv_base + tier_detail), and the single largest payment ever made from this appropriation (larger than the 41-txn / $10.7M Central Arizona Water Conservation District relationship). robust_z_in_agencycat = 133.7 and vendor_share_of_agency_year = 0.354 (35% of the fund-year). Nearly every other large recipient of this fund is a government/intergo"
IV0000000660,PITNEY BOWES,false_positive_marker,high,1,suppress_marker,person_name_payee; offcontract; nonstd_rail; round_100k; round_1m; whole_dollar; peer_outlier; june_round,"Pitney Bowes Inc. (NYSE: PBI) is a publicly traded global shipping, mailing, and postage-meter company; state agencies routinely prefund Pitney Bowes postage meters in round lump sums, which matches every pattern in this data.","Data conclusively explains this as routine postage spend. category2 = ""POSTAGE AND DELIVERY"" on 198 of 205 high-value rows ($56.2M of $56.5M FY2021-2025); the remaining rows are meter ""RENTAL EXPENDITURES"" and ""OTHER EQUIPMENT-CAPITAL"". Appropriations are self-describing: ""DES POST/SUPP CLR"" (DES postage/supply clearing, $29.4M/98 txns), ""POSTAGE FUND"" ($7.2M/9 txns at ADOT), and OPERATING LUMP SUM lines at high-mail-volume agencies (DES, ADOT, Revenue, Child Safety, DPS, Industrial Commission, Corrections, Education, Administration). The round/whole-dollar markers (DES paying exactly $300,000"
IV0000002963,BANNER HEALTH,explained_benign,high,2,downgrade,new_vendor_large; no_contract_named; offcontract; nonstd_rail,,"The sole flagged row is a single FY2021 $10,000,000 payment from DEPT OF HEALTH SERVICES, category PROFESSIONAL AND OUTSIDE SERVICES, appropriation_1_name 'PUBLIC HEALTH EMERGENCIES', fund_1_name 'TITLE VI-CORONAVIRUS RELIEF FUND' (the CARES Act federal Coronavirus Relief Fund), invoice_number '2020-12', paid by WARRANT. This is a one-time COVID-19 federal pandemic-relief disbursement to Arizona's largest hospital system. hv_base confirms Banner sits in a clear cohort of healthcare recipients drawing on the SAME appropriation and SAME federal CRF in FY2021 (Scottsdale Healthcare Foundation $3."
IV0000082779,ARIZONA JEWISH HISTORICAL SOCIETY,genuine_review,high,4,annotate,new_vendor_large; short_tenure_vendor,"The Arizona Jewish Historical Society received a $7M FY2025 state appropriation (via the Dept of Education) to help build the Hilton Family Holocaust Education Center in Phoenix, which broke ground in 2025 and is slated to open in 2027 with ~$38M total raised; a condition was free admission for Arizona students.","Single FY2025 Tier-1 txn: $7,000,000 WARRANT from DEPT OF EDUCATION, GENERAL FUND, category PROFESSIONAL AND OUTSIDE SERVICES. The appropriation_1_name, contract_name, and contract_number all align to one named purpose: 'ARIZONA HOLOCAUST EDUCATION CENTER' (CTR073049). The vendor IS the entire appropriation line (appropriation_year_total = $7M, 1 txn) and the sole payee on it. vendor_share_of_agency_year is tiny (0.0009) because DOE distributes billions in school aid, but robust_z_in_agencycat = 54.3 vs the prof-services peer group — it is a one-off earmarked capital/program grant, not a recur"
VC0000082646,FONDOMONTE ARIZONA LLC,genuine_review,high,5,keep,,"Fondomonte Arizona LLC is the US subsidiary of Saudi dairy giant Almarai, growing alfalfa on Arizona state land to ship home as cattle feed; its cheap leases and unmetered groundwater pumping drew national scrutiny, an Arizona Auditor General investigation, and lease terminations/non-renewals by Gov. Hobbs in 2023. Public reporting indicates the $7M was a state-law-required reimbursement to Fondomonte for lease improvements.","Exactly one transaction in both tier_detail and hv_base: a $7,000,000 round-number WARRANT from the LAND DEPARTMENT to Fondomonte Arizona LLC, posted 2025-02-12, FY2025. Appropriation = STATE AND LOCAL FISCAL RECOVERY FUNDS, fund = Coronavirus State and Local Fiscal Recovery Fund, category1 = OTHER OPERATING EXPENDITURES / category2 = MISCELLANEOUS OPERATING. transaction_description is 'N/A'; contract_name and contract_number are both NULL. This single payment IS the entire high-value spend from that appropriation in the agency-year (1 vendor, 1 txn, $7M total), giving vendor_share_of_agency_y"
IV0000055200,DONORSCHOOSE ORG,explained_benign,high,2,downgrade,person_name_payee; nonstd_rail; round_1m,"DonorsChoose is a well-known national education nonprofit. The Arizona Department of Education publicly partnered with it using federal ESSER COVID-relief funds (announced $14M and an additional $5M efforts) to let public-school teachers request classroom resources (~$1,000/project cap), funding 15,000+ teacher projects.","All 5 high-value rows (4 Tier-1 in FY2023 + 1 small FY2024) are DEPT OF EDUCATION payments under appropriation EDUCATION FOR THE DISADVANTAGED, category PROFESSIONAL AND OUTSIDE SERVICES, paid by WARRANT. The contract is named (ESSER FUNDS) AND numbered (CTR058940) — i.e. a documented federal COVID-relief (ESSER) pass-through. Vendor_share_of_agency_year is 0.001 (0.1%), so not concentrated. The spend ($4.74M + $1.0M + $0.23M + $0.18M = ~$6.15M in FY2023) matches Arizona Dept of Education's publicly announced multi-million-dollar DonorsChoose ESSER partnership funding teacher classroom-resourc"
PZ000033197,PULICE CONSTRUCTION INC,explained_benign,high,2,annotate,offcontract; no_contract_named,"Pulice Construction Inc is a long-established Arizona heavy-highway/freeway construction contractor (Phoenix area) that is a frequent ADOT prime/design-build contractor on Loop and freeway projects. ADOT routinely pays fixed 'stipends' to design-build proposers, which are round lump-sum amounts.","Single Tier-1 lead is a $2,000,000 ADOT payment (FY2016, posting 2016-06-13, category PROFESSIONAL AND OUTSIDE SERVICES, appropriation 'M-RARF CONSTRUCT FREEWAYS'). The invoice_number reads 'H882701D STIPEND' — i.e. a design-build procurement STIPEND lump sum tied to ADOT project/contract reference H882701D. This single line explains every high-score marker: round_1m/whole_dollar (a stipend is a negotiated round lump sum by design), june_round (posted at FY year-end), and peer_outlier/robust_z=55 (one big lump sum vs many smaller progress payments in the same agency-category). Full history con"
PZ000053526,KIEWIT DEVELOPMENT COMPANY,explained_benign,high,2,downgrade,offcontract; no_contract_named; nonstd_rail; june_round,"Kiewit Development Company was a short-listed proposer team in ADOT's Loop 202 South Mountain Freeway design-build P3 procurement; it lost to Connect 202 Partners (Fluor/Granite/Ames), which won the ~$916M contract finalized in 2016. The $2M is the standard losing-proposer stipend paid to defray proposal-development costs.","Vendor has exactly ONE transaction in the entire dataset: a single $2,000,000 payment from DEPT OF TRANSPORTATION in FY2016, category PROFESSIONAL AND OUTSIDE SERVICES, appropriation 'M-RARF CONSTRUCT FREEWAYS OTH RT 56-2' (RARF = Regional Area Road Fund, the dedicated Maricopa freeway-construction fund). The invoice_number field literally reads '9100156219 STIPEND' and object_no 6231, posting_date 2016-06-13, payment_method WARRANT. The data thus self-describes this as a design-build/P3 PROCUREMENT STIPEND, not a construction or services payment. Context corroborates: the same appropriation i"
VC0000078458,TRULAW PC,mixed,high,3,annotate,person_name_payee; offcontract; new_vendor_large; nonstd_rail; round_100k,"TruLaw is a real, recognizable U.S. plaintiff-side personal-injury/product-liability law firm (founded 2015), which is consistent with receiving a one-time liability settlement disbursement from a state self-insurance fund.","Single lifetime transaction in both tier_detail and hv_base: one $1,900,000 WARRANT in FY2024 from DEPT OF ADMINISTRATION, appropriation ""RISK MANAGEMENT LOSSES AND PREMIUMS"", category1 OTHER OPERATING EXPENDITURES / category2 INSURANCE AND RELATED CHARGES, description ""N/A"", no contract_name/number. This appropriation IS Arizona's self-insurance / tort-settlement fund: of its top payees, the overwhelming majority are plaintiff law firms (Russo Russo & Slania $4.5M, Goldman & Zwillinger $2.5M, Robert E Pastor $2.05M, Zachar Law Firm, The Leader Law Firm, Gallagher & Kennedy, Law Offices of Joe"
VC0000063751,NAME REDACTED,explained_benign,high,2,downgrade,nonstd_rail; new_vendor_large; peer_outlier; whole_dollar; agency_benford; offcontract,"Payee name is redacted in the data (the literal string 'NAME REDACTED' is a placeholder token shared by ~1,821 distinct vendor IDs), so no specific named entity can be identified or searched. The Arizona AG's Consumer Restitution and Remediation Revolving Fund is the statutory vehicle (A.R.S. consumer-fraud statutes) for disbursing settlement proceeds, frequently to counties and claims administrators.","Single FY2021 payment of $1,690,400 from the Arizona Attorney General's CONSUMER RESTITUTION AND REMEDIATION REVOLVING FUND (fund_1_name), appropriation 'NON APPROPRIATED REVENUES AND EXPENDITURES', category MISCELLANEOUS OPERATING, paid by standard WARRANT. transaction_description is 'N/A' (no description supplied). This fund holds proceeds of consumer-protection settlements and disburses restitution/remediation. Peer payees from the SAME fund and amount band are legitimate restitution recipients: Yavapai/Coconino/Pima/Mohave/Cochise counties and class-action administrators KCC Class Action S"
IV0000001534,KINELLA CONSTRUCTION LLC,genuine_review,high,4,keep,"offcontract (contract_number/contract_name NULL; contract fields only ~2-6% populated system-wide, so weak alone); nonstd_rail (no transaction_description/contract present; not load-bearing given sparse contract data)","Kinella Construction LLC is a Phoenix Valley general contractor (Arizona registry L11030783) doing commercial, multifamily, and custom-home construction and remodels — a plausible vendor for Arizona Senate/House building repair and capital improvement work.","Kinella received $5.77M across 11 high-value rows (FY2023-24), all GENERAL FUND under ""OPERATING LUMP SUM APPROPRIATION"" at the SENATE and HOUSE. category2 reveals the actual work: REPAIR AND MAINTENANCE (Senate) and BUILDINGS AND BUILDING IMPROVEMENTS / CAPITAL OUTLAY (both chambers). The Tier-1 row is a single $1,500,000 payment; the vendor also took $923K, $769K, $558K, $543K, $408K, $400K, $366K, $167K. Peer context is the load-bearing finding: in Senate FY2023 R&M the category median high-value payment is ~$63.5K (Q1 $44.8K, Q3 $111K, n=38), so the $1.5M payment is ~24x the median (robust"
VC0000045869,WEIL GOTSHAL & MANGES LLP,genuine_review,high,4,keep,,"Weil, Gotshal & Manges LLP is a top-tier international (AmLaw-100) law firm headquartered in New York, known for high-stakes M&A, bankruptcy/restructuring, and complex commercial and class-action litigation. No specific public record of this 2018 Arizona Dept of Administration engagement surfaced in a quick search.","Two FY2018 warrants from DEPT OF ADMINISTRATION, appropriation RISK MANAGEMENT LOSSES AND PREMIUMS / fund RISK MANAGEMENT: $1,000,000 (Tier-1, risk 21.0) and $500,000 (Tier-2, risk 19.6), totaling $1.5M. This is the vendor's ONLY activity in the data: vendor_first_year=2018, vendor_years_active=1, single agency, no transaction_description, no contract_name, no contract_number. Within this appropriation in FY2018 the median txn was ~$100K (12,870 agency-cat rows; the approp had 153 txns / 71 vendors / $42M); the $1M payment is ~10x median (robust_z 2.27) and the $500K is ~5x (z 1.01). The payee"
PZ000023536,SEATTLE UNIVERSITY SCHOOL OF LAW,explained_benign,high,2,suppress_marker,offcontract; nonstd_rail; new_vendor_large; round_100k; june_round,"Seattle University School of Law (Seattle, WA) — its Korematsu Center Civil Rights/Amicus Clinic served as plaintiffs' counsel in the Arizona Mexican American Studies / ethnic-studies litigation (Gonzalez v. Douglas), in which a federal judge ruled against the State of Arizona on Aug. 22, 2017, finding the challenged law was enacted with discriminatory purpose. The $400K payment from Arizona's risk-management loss fund aligns with a resulting attorney-fee/settlement award.","Single lifetime row: one $400,000 FY2018 WARRANT from DEPT OF ADMINISTRATION, appropriation ""RISK MANAGEMENT LOSSES AND PREMIUMS"", fund ""RISK MANAGEMENT"", category OTHER OPERATING EXPENDITURES. This is the state self-insurance / claims-and-litigation loss pool, not procurement. Peer payees in the same appropriation/year/$100K-$1M band are dominated by law firms (Weil Gotshal, Gallagher & Kennedy, David R Farney PLC, Mercaldo Law, Coben Law Firm), insurance/claims entities (MetLife Assignment, Marsh McLennan, Arthur J Gallagher), and individual claimants/conservators — the textbook profile of s"
VC0000074486,KELLY & LYONS PLLC,explained_benign,high,2,downgrade,"new_vendor_large: one-off litigation-settlement counterparty is inherently 'new'; also subject to the FY2019-2020 NULL vendor_id caveat, so first_year_seen 2023 is unreliable; offcontract: settlement payouts legitimately have no procurement contract, and contract_number is only ~2-6% populated overall; round_100k / june_round: negotiated legal settlements are routinely round-dollar ($100K/$800K) and the FY2023 warrant posted 2023-06-30 (fiscal year-end), both expected rather than anomalous; nonstd_rail: WARRANT is the normal disbursement rail for claim/settlement payouts","Kelly & Lyons PLLC is a Scottsdale/Phoenix, AZ plaintiff-side trial firm (founded 2018) handling personal injury, wrongful death, civil rights, and insurance bad-faith litigation; consistent with a counterparty receiving settlement payouts from the State's risk-management self-insurance fund.","Two warrants ($100K in FY2023, $800K in FY2025), both from Dept of Administration appropriation ""RISK MANAGEMENT LOSSES AND PREMIUMS"" (category2 = INSURANCE AND RELATED CHARGES; appropriation_category = RISK MANAGEMENT LOSSES AND PREMIUMS; fund_1_name = RISK MANAGEMENT FUND). This is the State's self-insurance fund that pays litigation settlements/claims. transaction_description is ""N/A"" and contract_name/number are NULL — consistent with a court/settlement payout rather than a procurement. The peer-payee population for this exact appropriation is dominated by law firms (J&H Marsh & McLennan b"
VC0000067061,RASMUSSEN INJURY LAW PLLC,false_positive_marker,high,2,suppress_marker,offcontract; new_vendor_large; round_100k; june_round; nonstd_rail,"Rasmussen Injury Law PLLC is an established Arizona personal-injury law firm (offices in Mesa, Tucson, and Glendale), led by owner Chase Rasmussen, handling car/truck/motorcycle accident and wrongful-death claims. An $800K payment from the state's risk-management loss fund is consistent with a liability settlement paid to/through such a firm.","Single lifetime transaction in both tier_detail and hv_base: one $800,000 WARRANT in FY2024 from DEPT OF ADMINISTRATION, appropriation ""RISK MANAGEMENT LOSSES AND PREMIUMS"", category OTHER OPERATING EXPENDITURES. That appropriation is Arizona's self-insurance / liability-claim fund: its top-25 payees are personal-injury law firms (Zachar, Hallinan, TruLaw, Robbins, Beus Gilbert, Clausen), individual claimant families (Fanelli, Outram), and structured-settlement annuity carriers (MetLife, New York Life, Pacific Life, Prudential, USAA Annuity). Rasmussen Injury Law PLLC is a personal-injury firm"
VC0000083776,IRCS CENTER FOR ECONOMIC OPPORTUNITY INC,genuine_review,high,3,keep,offcontract; nonstd_rail,IRCS (Inter Tribal/community-style economic opportunity nonprofit) appears to be a private nonprofit intermediary funded under Arizona's Microbusiness Loan Fund administered by the Office of Economic Opportunity; the fund makes discretionary grants to CDFI-type intermediaries to capitalize microbusiness lending.,"Exactly ONE high-value transaction in the entire dataset: a $600,000 WARRANT posted 2025-06-30 from OFFICE OF ECONOMIC OPPORTUNITY, appropriation MICROBUSINESS LOAN FUND, category PROFESSIONAL AND OUTSIDE SERVICES, with no contract_name, contract_number, or invoice_number. This is the LARGEST single award in the Microbusiness Loan Fund for FY2025 (vs Growth Partners AZ $515K, Hustle PHX $425K) and is ~31% of the fund's $1.92M FY2025 high-value disbursements across 5 payees. vendor_share_of_agency_year 0.025 and robust_z_in_agencycat 4.60 confirm a genuine statistical outlier within agency-cate"
IV0000004992,HAGENS BERMAN SOBOL SHAPIRO LLP,explained_benign,high,2,downgrade,new_vendor_large; offcontract,"Hagens Berman Sobol Shapiro LLP is a national plaintiffs' class-action law firm (notably the lead firm in the $260B state tobacco settlement). The Arizona AG retained it as outside counsel under publicly-posted contingency-fee engagement contracts (e.g., AG23-0009-006) for consumer-protection/antitrust suits against RealPage, Yardi, and Amazon.","All flagged rows are payments from the AZ ATTORNEY GENERAL (DEPT OF LAW), category PROFESSIONAL AND OUTSIDE SERVICES, out of the COURT ORDERED TRUST FUND: three FY2023 ACH payments of $678,750, $131,250, and $31,226. This is the AG paying retained outside counsel (a national plaintiffs' class-action firm) for legal services / contingency fees, a routine and structurally benign disbursement. The vendor's share of the agency-year is only 0.47%. Critically, hv_base shows the SAME firm received $515,763 from the SAME agency and SAME fund in FY2020 (by WARRANT), but that row has NULL vid because ve"
MISCCUSTOM,MISCELLANEOUS CUSTOMER,false_positive_marker,high,2,suppress_marker,placeholder_payee; masked_payee; offcontract; nonstd_rail; round_100k; june_round; whole_dollar,,"""MISCELLANEOUS CUSTOMER"" is a payee-masking placeholder used by the State of Arizona to anonymize individual payment recipients, not a real vendor. It sits alongside a sibling placeholder ""MISCELLANEOUS VENDOR"" (1,634 rows). hv_base shows 275 high-value rows ($15.1M) across 7 agencies / 9 appropriations, all WARRANT-rail, all with NULL contract_number. The underlying appropriations explain every dollar as masked individual payouts: REGISTRAR OF CONTRACTORS - RECOVERY FUND PROGRAM (228 txns, $6.7M) pays restitution to homeowners harmed by licensed contractors, with the recurring $30,000 amount "
