fiscal_year,agency,total_revenue,federal_revenue,federal_dependency_pct
2016,DEPT OF REVENUE,8395339554.0100,,
2016,MEDICAL BOARD,7450175.3100,,
2016,AUTOMOBILE THEFT AUTHORITY,6185637.8800,,
2017,DEPT OF HEALTH SERVICES,379674446.1700,253052634.5900,66.64989891805759
2017,BOARD OF ACCOUNTANCY,2025208.9700,,
2017,RETIREE ACCUMULATED SICK LEAVE,14381964.8000,,
2017,BOARD OF FINGERPRINTING,1031709.0000,,
2017,BOARD OF HOMEOPATHIC EXAMINERS,84710.0000,,
2017,PUBLIC SAFETY PERSONNEL RETIREMENT SYSTEM,11057797.7200,,
2017,PIONEERS' HOME,10272531.3500,,
2017,PARENTS COMMISSION DRUG EDU,4605028.1900,,
2018,DEPT OF ADMINISTRATION,1216147834.4500,1498471.9300,0.12321461976517685
2018,BOARD OF OSTEOPATHIC EXAMINERS,1194984.8300,,
2019,GOVERNOR'S OFFICE OF HIGHWAY SAFETY,10589513.3700,8816749.1500,83.25924753990844
2019,BOARD OF TECHNICAL REGISTRATION,3192941.0200,,
2019,BOARD OF REGENTS,193147369.2300,,
2020,CRIMINAL JUSTICE COMMISSION,29218826.3700,17121092.0000,58.5960975406556
2020,AUDITOR GENERAL,992924.0500,,
2020,COMMISSION FOR DEAF AND HARD OF HEARING,3532769.9900,,
2020,AFRICAN-AMERICAN AFFAIRS,3050.0000,,
2021,DEPT OF FORESTRY AND FIRE MANAGEMENT,62970477.9900,33887544.9100,53.814971700518925
2021,DEPT OF CORRECTIONS,133021093.5800,102545.7400,0.07708983383024748
2021,LAND DEPARTMENT,10847684.8200,,
2021,BOARD OF PHYSICAL THERAPY,1192730.3300,,
2021,COMMISSION FOR POSTSECONDARY EDUCATION,2216820.8500,,
2021,COURT OF APPEALS DIV II,22125.7800,,
2021,VETERINARY MEDICAL EXAMINING BOARD,208743.3300,,
2023,DEPT OF INSURANCE AND FINANCIAL INSTITUTIONS,815588645.5000,120034.2900,0.014717503813017466
2023,REAL ESTATE DEPARTMENT,3875397.5600,,
2023,GOVERNOR'S OFFICE,76132557.2900,43593484.8300,57.25997704759353
2023,COURT OF APPEALS,165404.0400,,
2023,BOARD OF FUNERAL DIRECTORS AND EMBALMERS,581128.7700,,
2024,ACUPUNCTURE BOARD OF EXAMINERS,213844.4800,,
2024,BOARD OF DENTAL EXAMINERS,2124295.0800,,
2024,STATEWIDE SYSTEMS PROCESSING,1076979994.7400,,
2024,DEPT OF JUVENILE CORRECTIONS,13141215.7500,,
2024,SCHOOLS FOR THE DEAF AND THE BLIND,40653643.8000,1552320.4900,3.8184043173025493
2024,BOARD FOR CHARTER SCHOOLS,58641.6000,,
2024,GOVERNOR'S OFFICE ON TRIBAL RELATIONS,47550.0000,,
2025,DEPT OF REVENUE,14533269215.6400,,
2025,MEDICAL BOARD,10972404.7100,,
2025,OFFICE OF ECONOMIC OPPORTUNITY,17060337.3100,10367084.6700,60.76717289712252
2017,COMMISSION ON THE ARTS,4061573.8200,833000.0000,20.509291149606632
2019,OFFICE OF TOURISM,26946302.2100,,
2020,COMPANION ANIMAL SPAY/NEUTER COMMITTEE,369489.2700,,
2018,NAVIGABLE STREAM ADJUDICATION COMMISSION,200000.0000,,
2024,BOARD OF EXECUTIVE CLEMENCY,28009.9700,,
2016,BOARD OF EQUALIZATION,12243.2500,,
2025,BOARD OF EQUALIZATION,8153.6900,,
2016,INDUSTRIAL COMMISSION,27836782.3600,2744424.9700,9.858987775625947
2016,BOARD OF PSYCHOLOGIST EXAMINERS,146436.6600,,
2016,BOARD OF ATHLETIC TRAINING,151859.0000,,
2016,CONSTABLE ETHICS STANDARDS AND TRAINING BOARD,286098.7900,,
2017,DEPT OF WATER RESOURCES,21926868.0100,424610.9100,1.9364868243214275
2017,BOARD OF NURSING,6124178.1100,,
2017,BOARD OF BARBERS,448214.0000,,
2017,CITIZENS CLEAN ELECTION COMMISSION,7531989.5300,,
2017,ARIZONA HISTORICAL SOCIETY,1178603.9600,,
2017,"DEPT OF FIRE, BUILDING AND LIFE SAFETY",-9533888.5700,,
2018,CRIMINAL JUSTICE COMMISSION,17276758.1900,3391804.4100,19.63218083334186
2018,AUDITOR GENERAL,1945270.6800,,
2018,COMMISSION FOR DEAF AND HARD OF HEARING,4945173.9900,,
2019,DEPT OF FINANCIAL INSTITUTIONS,15470312.0700,,
2019,DEPT OF VETERANS SERVICES,45626203.6000,822254.0800,1.8021531819929897
2019,BOARD OF RESPIRATORY CARE EXAMINERS,371778.1500,,
2019,BOARD OF MASSAGE THERAPY,655394.3400,,
2019,COTTON RESEARCH AND PROTECTION COUNCIL,5434278.3500,822876.0000,15.142323359273638
2019,ARIZONA STATE RETIREMENT SYSTEM (ASRS),90299478.1800,,
2020,DEPT OF ADMINISTRATION,1188429142.2000,889475.4500,0.07484463468755218
2020,BOARD OF OSTEOPATHIC EXAMINERS,1370489.6300,,
2021,STATEWIDE SYSTEMS PROCESSING,332052385.3800,0.0000,0.0
2021,SCHOOLS FOR THE DEAF AND THE BLIND,34736031.8800,1244227.5500,3.5819507372009007
2021,DEPT OF JUVENILE CORRECTIONS,14427913.9600,,
2021,BOARD OF DENTAL EXAMINERS,616438.7500,,
2021,ACUPUNCTURE BOARD OF EXAMINERS,119602.7200,,
2023,CORPORATION COMMISSION,96555709.8000,1580251.2800,1.6366212658715291
2023,ATTORNEY GENERAL (DEPT OF LAW),301606462.3800,5991167.8200,1.986418915802808
2023,DEPT OF CHILD SAFETY,805705694.6700,572858854.5200,71.1002613373151
2023,DEPT OF EDUCATION,4082957116.0900,2406242695.3800,58.93382239792693
2023,DEPT OF ENVIRONMENTAL QUALITY,151386606.0900,20322174.6300,13.424024195323051
2023,BOARD OF OPTOMETRY,346497.3700,,
2023,MINE INSPECTOR,497109.6000,388627.8100,78.17749043671658
2023,EARLY CHILDHOOD DEVELOP AND HEALTH BOARD,163238165.4600,2938084.0000,1.7998756551328372
2023,DEPT OF HOMELAND SECURITY,36779157.7800,24848857.7800,67.56233497416427
2023,BOARD OF DISPENSING OPTICIANS,179030.3400,,
2023,EXPOSITION AND STATE FAIR BOARD,23033755.2700,,
2023,PERSONNEL BOARD,657528.4900,,
2024,DEPT OF CORRECTIONS,199795483.1500,11243187.3900,5.627348132569632
2024,LAND DEPARTMENT,6830017.9600,,
2024,DEPT OF FORESTRY AND FIRE MANAGEMENT,74218285.9600,34575965.1100,46.586854792947854
2024,BOARD OF PHYSICAL THERAPY,180638.6900,,
2024,VETERINARY MEDICAL EXAMINING BOARD,263224.7000,,
2025,INDUSTRIAL COMMISSION,85355014.3800,3067180.3500,3.5934389704920346
2025,BOARD OF PSYCHOLOGIST EXAMINERS,1007364.6100,,
2025,BARBERING AND COSMETOLOGY BOARD,2730985.1800,,
2025,CONSTABLE ETHICS STANDARDS AND TRAINING BOARD,434993.8500,,
2025,BOARD OF OCCUPATIONAL THERAPY EXAMINERS,364610.0800,,
2025,RESIDENTIAL UTILITY CONSUMER OFFICE,1353585.4300,,
2025,BOARD OF ATHLETIC TRAINING,186671.7900,,
2018,AFRICAN-AMERICAN AFFAIRS,10625.0000,,
2024,COURT OF APPEALS DIV II,42394.7600,,
2019,OFFICE OF EQUAL OPPORTUNITY,190700.0000,,
2021,BOARD OF EXECUTIVE CLEMENCY,30100.0000,,
2021,GOVERNOR'S OFFICE ON TRIBAL RELATIONS,15700.0000,,
2018,WATER INFRASTRUCTURE FINANCE AUTHORITY,3805.6800,,
2021,BOARD FOR CHARTER SCHOOLS,257500.0000,,
2016,RESIDENTIAL UTILITY CONSUMER OFFICE,1158356.2800,,
2020,NAVIGABLE STREAM ADJUDICATION COMMISSION,400000.0000,,
2016,AHCCCS,10530571047.7800,8592904065.1200,81.59960201713382
2016,GAME AND FISH DEPARTMENT,116669955.2600,38839758.2000,33.29028292969279
2016,OFFICE OF ADMINISTRATIVE HEARINGS,699403.7400,,
2016,LOTTERY COMMISSION,471921544.6500,,
2016,SCHOOL FACILITIES BOARD,318927201.1700,,
2016,NORTHERN ARIZONA UNIVERSITY,146397650.0000,,
2016,NATUROPATHIC PHYSICIANS MEDICAL BOARD,386370.4700,,
2017,STATEWIDE SYSTEMS PROCESSING,492825679.2300,,
2017,BOARD OF DENTAL EXAMINERS,1977960.7300,,
2017,ACUPUNCTURE BOARD OF EXAMINERS,180665.0000,,
2017,BOARD FOR CHARTER SCHOOLS,16977.5000,,
2017,DEPT OF JUVENILE CORRECTIONS,16892305.9400,3544.1000,0.02098055773195403
2017,SCHOOLS FOR THE DEAF AND THE BLIND,31660191.4600,824680.1100,2.6047856060564705
2017,GOVERNOR'S OFFICE ON TRIBAL RELATIONS,32273.5000,,
2017,BOARD OF EXECUTIVE CLEMENCY,44889.9600,,
2018,BOARD OF MASSAGE THERAPY,609612.3200,,
2018,DEPT OF FINANCIAL INSTITUTIONS,13791669.6000,,
2018,BOARD OF RESPIRATORY CARE EXAMINERS,380825.3300,,
2018,COTTON RESEARCH AND PROTECTION COUNCIL,4364813.3500,453154.0000,10.381978876599616
2018,DEPT OF VETERANS SERVICES,43821064.3200,529613.2700,1.2085814852248664
2018,ARIZONA STATE RETIREMENT SYSTEM (ASRS),92014877.5900,,
2019,CRIMINAL JUSTICE COMMISSION,22227968.7400,11579930.5300,52.09621565267687
2019,COMMISSION FOR DEAF AND HARD OF HEARING,2125664.8500,,
2019,COMPANION ANIMAL SPAY/NEUTER COMMITTEE,510966.4300,,
2019,AFRICAN-AMERICAN AFFAIRS,13222.9000,,
2020,GOVERNOR'S OFFICE OF HIGHWAY SAFETY,12219189.9600,10551154.4500,86.34905001509608
2020,BOARD OF REGENTS,200454784.7800,,
2020,BOARD OF TECHNICAL REGISTRATION,3026440.2200,,
2021,BOARD OF BARBERS,436479.1000,,
2021,ARIZONA HISTORICAL SOCIETY,5308566.5800,16420.0000,0.30931136969935114
2021,DEPT OF WATER RESOURCES,192944523.8200,408824.6600,0.21188715383360499
2021,BOARD OF NURSING,7779284.2500,,
2021,CITIZENS CLEAN ELECTION COMMISSION,6501710.4500,,
2023,STATE TREASURER,1630976897.4300,0.0000,0.0
2023,UNIVERSITY OF ARIZONA,14535627.1600,,
2024,DEPT OF HEALTH SERVICES,644091098.9500,433121640.4100,67.24540070745842
2024,BOARD OF HOMEOPATHIC EXAMINERS,42720.5300,,
2024,BOARD OF ACCOUNTANCY,1802020.0400,,
2024,COMMISSION ON THE ARTS,7768701.2500,1136787.0000,14.632909200878332
2024,PIONEERS' HOME,14328284.1500,,
2024,PUBLIC SAFETY PERSONNEL RETIREMENT SYSTEM,18733566.6000,,
2024,RETIREE ACCUMULATED SICK LEAVE,21187535.9400,,
2024,BOARD OF FINGERPRINTING,827688.0000,,
2025,LOTTERY COMMISSION,681570514.8700,,
2025,AHCCCS,20391517042.1400,16560254877.7700,81.21149026601346
2025,NATUROPATHIC PHYSICIANS MEDICAL BOARD,444645.0500,,
2025,GAME AND FISH DEPARTMENT,163383064.2400,49719641.6900,30.43133137530387
2025,OFFICE OF ADMINISTRATIVE HEARINGS,1051445.5800,,
2025,LEGISLATIVE COUNCIL,66441.4400,,
2025,NORTHERN ARIZONA UNIVERSITY,5087843.8100,,
2016,LEGISLATIVE COUNCIL,1034.8500,,
2019,AUDITOR GENERAL,1474479.5600,,
2020,OFFICE OF TOURISM,29117540.0700,,
2024,PARENTS COMMISSION DRUG EDU,5393466.5200,,
2016,STATE TREASURER,-450862.2500,0.0000,-0.0
2016,UNIVERSITY OF ARIZONA,402504632.2700,,
2017,OFFICE OF TOURISM,23565163.7900,,
2017,WEIGHTS AND MEASURES,9217.4900,,
2017,GOVERNOR'S OFFICE OF HIGHWAY SAFETY,9844860.6000,8117294.6000,82.45210297848199
2017,GEOLOGICAL SURVEY,252975.9500,246377.4300,97.39164137934851
2017,BOARD OF REGENTS,145575582.8800,,
2017,BOARD OF TECHNICAL REGISTRATION,2932147.2200,,
2018,VETERINARY MEDICAL EXAMINING BOARD,195203.1500,,
2018,DEPT OF FORESTRY AND FIRE MANAGEMENT,52051017.4100,30110411.2700,57.84788226678392
2018,DEPT OF CORRECTIONS,95372699.4800,273572.9800,0.2868462164661379
2018,COMMISSION FOR POSTSECONDARY EDUCATION,3441569.8700,,
2018,LAND DEPARTMENT,43688850.5600,,
2018,BOARD OF PHYSICAL THERAPY,202345.0000,,
2018,COURT OF APPEALS DIV II,84316.5000,,
2019,DEPT OF HEALTH SERVICES,379289134.2400,235458317.5500,62.07884600274649
2019,BOARD OF ACCOUNTANCY,2033781.6900,,
2019,BOARD OF FINGERPRINTING,1194697.0000,,
2019,PIONEERS' HOME,9285870.4100,,
2019,PARENTS COMMISSION DRUG EDU,4922857.6500,,
2019,BOARD OF HOMEOPATHIC EXAMINERS,69059.8600,,
2019,RETIREE ACCUMULATED SICK LEAVE,15446960.5800,,
2019,COMMISSION ON THE ARTS,4495031.2300,830800.0000,18.482630208555857
2020,ACUPUNCTURE BOARD OF EXAMINERS,172813.6900,,
2020,STATEWIDE SYSTEMS PROCESSING,426966659.2500,50952.3300,0.011933561765572448
2020,SCHOOLS FOR THE DEAF AND THE BLIND,37273177.2600,929319.8800,2.49326713823591
2020,BOARD OF DENTAL EXAMINERS,526750.4500,,
2020,DEPT OF JUVENILE CORRECTIONS,17592496.9400,,
2020,GOVERNOR'S OFFICE ON TRIBAL RELATIONS,30500.0000,,
2021,DEPT OF ADMINISTRATION,1175021471.2800,1624802.2500,0.1382785157304432
2021,BOARD OF OSTEOPATHIC EXAMINERS,1054318.7000,,
2023,GAME AND FISH DEPARTMENT,152894365.9300,42334949.5800,27.689018704183194
2023,NATUROPATHIC PHYSICIANS MEDICAL BOARD,440959.6300,,
2023,AHCCCS,21510814074.9600,18876907030.1000,87.75542833627092
2023,LOTTERY COMMISSION,745645986.0600,,
2023,LEGISLATIVE COUNCIL,484942.8000,,
2023,OFFICE OF ADMINISTRATIVE HEARINGS,820796.4100,,
2023,NORTHERN ARIZONA UNIVERSITY,7469062.6200,,
2023,SCHOOL FACILITIES BOARD,-259644203.7900,,
2024,COMMISSION FOR DEAF AND HARD OF HEARING,2484923.6900,,
2024,CRIMINAL JUSTICE COMMISSION,37563890.8600,9347077.7600,24.883145877609977
2025,STATE TREASURER,1068762420.1600,0.0000,0.0
2025,UNIVERSITY OF ARIZONA,14572409.3300,,
2019,PUBLIC SAFETY PERSONNEL RETIREMENT SYSTEM,12778202.2900,,
2020,BOARD OF EXECUTIVE CLEMENCY,17531.7600,,
2021,NAVIGABLE STREAM ADJUDICATION COMMISSION,-122080.7200,,
2024,AUDITOR GENERAL,1856926.9800,,
2024,COMPANION ANIMAL SPAY/NEUTER COMMITTEE,908272.2000,,
2020,BOARD FOR CHARTER SCHOOLS,45349.3500,,
2024,BOARD OF MEDICAL STUDENT LOANS,8092182.1100,,
2017,HOUSE OF REPRESENTATIVES,13500.0000,,
2018,OFFICE OF PEST MANAGEMENT,-365688.3900,,
2024,AFRICAN-AMERICAN AFFAIRS,5000.0000,,
2016,"DEPT OF FIRE, BUILDING AND LIFE SAFETY",2407640.4600,154190.0000,6.404195417118053
2016,DEPT OF WATER RESOURCES,11310839.7900,904178.9800,7.993915542852898
2016,ARIZONA HISTORICAL SOCIETY,1325211.7500,,
2016,BOARD OF BARBERS,457322.0000,,
2016,CITIZENS CLEAN ELECTION COMMISSION,7838273.4700,,
2016,BOARD OF NURSING,6440192.3800,209800.0000,3.2576666599515463
2017,INDUSTRIAL COMMISSION,39327506.6500,3072128.0100,7.811652127709958
2017,BOARD OF PSYCHOLOGIST EXAMINERS,734644.8700,,
2017,CONSTABLE ETHICS STANDARDS AND TRAINING BOARD,296399.9400,,
2018,REAL ESTATE DEPARTMENT,3998209.2300,,
2018,BOARD OF FUNERAL DIRECTORS AND EMBALMERS,428672.2400,,
2018,GOVERNOR'S OFFICE,35777266.6400,10115297.4900,28.272974544932982
2018,COURT OF APPEALS,188901.3200,,
2019,DEPT OF TRANSPORTATION,3893410125.2500,657504922.2900,16.887635803530483
2019,DEPT OF GAMING,16220130.8100,,
2019,DEPT OF AGRICULTURE,23231024.8200,5826535.7500,25.080838211596383
2019,SECRETARY OF STATE (DEPT OF STATE),6890432.3700,3305184.9500,47.967743858721015
2019,BOARD OF EXAM NURSING CARE,562483.2400,,
2019,ARIZONA FINANCE AUTHORITY,137912679.5300,14795259.7800,10.727990950811453
2019,BOARD FOR PRIVATE POSTSECONDARY EDU,584856.3900,,
2019,SENATE,-432.1000,,
2020,DEPT OF EDUCATION,2368208884.2900,1164592761.2100,49.17609966483807
2020,CORPORATION COMMISSION,63943127.2900,1022582.0000,1.5992054867168197
2020,EARLY CHILDHOOD DEVELOP AND HEALTH BOARD,131178845.5200,,
2020,DEPT OF CHILD SAFETY,669401740.6200,590665711.3800,88.2378511344959
2020,ATTORNEY GENERAL (DEPT OF LAW),111707091.5500,6453094.4700,5.77679928862135
2020,DEPT OF ENVIRONMENTAL QUALITY,127875468.5000,14295155.1000,11.178965964062138
2020,DEPT OF HOMELAND SECURITY,24282536.1500,24282536.1500,100.0
2020,EXPOSITION AND STATE FAIR BOARD,15131704.9400,,
2020,BOARD OF DISPENSING OPTICIANS,177975.5200,,
2020,MINE INSPECTOR,430458.8000,348115.1700,80.8707290918434
2020,BOARD OF OCCUPATIONAL EXAMINERS,274344.0800,,
2020,PERSONNEL BOARD,524144.4000,,
2020,BOARD OF OPTOMETRY,334066.7000,,
2021,AHCCCS,16030847797.4100,13940956309.4000,86.96331276785217
2021,GAME AND FISH DEPARTMENT,121305108.5000,34600917.1700,28.523874713817186
2021,LOTTERY COMMISSION,638600919.5800,,
2021,OFFICE OF ADMINISTRATIVE HEARINGS,746472.3600,,
2021,NATUROPATHIC PHYSICIANS MEDICAL BOARD,394684.8000,,
2021,SCHOOL FACILITIES BOARD,236309751.6200,,
2021,NORTHERN ARIZONA UNIVERSITY,27744550.9200,,
2023,DEPT OF ADMINISTRATION,2192948836.3200,1353811.6500,0.06173475767322684
2023,BOARD OF OSTEOPATHIC EXAMINERS,1732366.0800,,
2024,REGISTRAR OF CONTRACTORS,21652958.2100,,
2024,BOARD OF PHARMACY,7366078.4100,62510.3500,0.8486245532648355
2024,SUPREME COURT,113112396.8000,1349535.3500,1.1930923472395203
2024,PARKS BOARD,68349753.1700,6007383.7000,8.789181264573687
2024,DEPT OF HOUSING,385396238.7500,135905188.8100,35.263755881686066
2024,DEPT OF ECONOMIC SECURITY,5154334039.6200,4845389749.9400,94.00612596496022
2024,DEPT OF PUBLIC SAFETY,466227859.7600,35460137.1200,7.605752504420008
2024,DEPT OF LIQUOR LICENSES AND CONTROL,17068097.7800,,
2024,BOARD OF PODIATRY EXAMINERS,244104.6900,,
2024,DEPT OF EMERGENCY AND MILITARY AFFAIRS,74778815.7200,62099218.4700,83.04386459197592
2024,WATER INFRASTRUCTURE FINANCE AUTHORITY OF ARIZONA,373102665.4000,52714616.6800,14.128716186866459
2024,BOARD OF BEHAVIORAL HEALTH EXAMINERS,3099332.3800,,
2024,BOARD OF CHIROPRACTIC EXAMINERS,867140.2400,,
2024,ARIZONA COMMERCE AUTHORITY,42523052.4500,,
2025,DEPT OF WATER RESOURCES,31961579.9000,471354.2500,1.4747526607719414
2025,CITIZENS CLEAN ELECTION COMMISSION,6922911.9800,,
2025,BOARD OF NURSING,31423875.1000,,
2025,ARIZONA HISTORICAL SOCIETY,946364.3000,,
2017,BOARD OF ATHLETIC TRAINING,145176.0000,,
2024,ARIZONA STATE UNIVERSITY,13571260.6900,,
2017,RESIDENTIAL UTILITY CONSUMER OFFICE,1230477.7200,,
2019,RADIATION REGULATORY AGENCY,-160.0000,,
2021,LEGISLATIVE COUNCIL,327.0000,,
2019,BOARD OF EDUCATION,554.4500,,
2016,DEPT OF CORRECTIONS,103339964.2100,5722109.3300,5.5371698391262685
2016,OFFICE OF PEST MANAGEMENT,1665350.3800,113500.0000,6.815382598345461
2016,COMMISSION FOR POSTSECONDARY EDUCATION,2269404.5000,,
2016,LAND DEPARTMENT,-14110998.4600,,
2016,DEPT OF FORESTRY AND FIRE MANAGEMENT,37254501.0600,623760.7700,1.6743232421644998
2016,BOARD OF PHYSICAL THERAPY,174753.5000,,
2016,VETERINARY MEDICAL EXAMINING BOARD,191572.0000,,
2017,DEPT OF ECONOMIC SECURITY,2170936304.4300,1934548153.2600,89.11123506076031
2017,DEPT OF EMERGENCY AND MILITARY AFFAIRS,66988626.8200,52479013.6400,78.34018419426977
2017,DEPT OF PUBLIC SAFETY,476510092.3200,35083479.7900,7.362589031260164
2017,PARKS BOARD,35298047.1000,2656281.9900,7.525294480101705
2017,SUPREME COURT,91821062.4600,1032694.3300,1.1246813120354304
2017,DEPT OF LIQUOR LICENSES AND CONTROL,9832749.3000,,
2017,DEPT OF HOUSING,129386425.3600,80771271.2700,62.42638750183028
2017,DEPT OF INSURANCE,526428748.1900,208549.0300,0.03961581329231092
2017,REGISTRAR OF CONTRACTORS,13969727.4200,,
2017,BOARD OF PHARMACY,5296622.5400,,
2017,BOARD OF PODIATRY EXAMINERS,159444.6800,,
2017,BOARD OF BEHAVIORAL HEALTH EXAMINERS,1973053.3500,,
2017,ARIZONA COMMERCE AUTHORITY,27322836.6200,,
2017,BOARD OF COSMETOLOGY,2057680.0200,,
2017,ARIZONA STATE UNIVERSITY,673972870.0000,,
2017,BOARD OF CHIROPRACTIC EXAMINERS,476725.6100,,
2018,STATE TREASURER,287114014.9400,0.0000,0.0
2018,UNIVERSITY OF ARIZONA,447108532.2600,,
2019,ATTORNEY GENERAL (DEPT OF LAW),160034435.3400,4512049.5400,2.8194241635645216
2019,CORPORATION COMMISSION,84186641.1400,1406935.0600,1.6712093996722197
2019,DEPT OF EDUCATION,2223358916.6100,1140037673.9500,51.275467286597085
2019,DEPT OF ENVIRONMENTAL QUALITY,128920013.3700,15959242.1400,12.37918126349943
2019,EARLY CHILDHOOD DEVELOP AND HEALTH BOARD,128455830.1400,,
2019,DEPT OF HOMELAND SECURITY,20136432.2000,20136432.2000,100.0
2019,BOARD OF OPTOMETRY,296989.8800,,
2019,BOARD OF OCCUPATIONAL EXAMINERS,266931.3400,,
2019,DEPT OF CHILD SAFETY,594924150.8900,501038263.4200,84.21884750693887
2019,MINE INSPECTOR,359235.3600,265354.8200,73.8665648058699
2019,EXPOSITION AND STATE FAIR BOARD,12631135.9900,,
2019,BOARD OF DISPENSING OPTICIANS,190981.6300,,
2019,PERSONNEL BOARD,500823.4100,,
2020,DEPT OF AGRICULTURE,24591780.4600,4925756.1200,20.030091469025745
2020,BOARD FOR PRIVATE POSTSECONDARY EDU,687726.3400,,
2020,SECRETARY OF STATE (DEPT OF STATE),23784321.3200,19341762.8300,81.32148304663082
2020,DEPT OF TRANSPORTATION,3587498298.5500,687677273.3100,19.16871357368856
2020,ARIZONA FINANCE AUTHORITY,147543401.4400,38891807.3500,26.359570790982303
2020,BOARD OF EXAM NURSING CARE,460807.0700,,
2020,DEPT OF GAMING,106388062.6000,,
2021,MEDICAL BOARD,8765255.0500,,
2021,DEPT OF REVENUE,12974954842.3400,,
2021,OFFICE OF ECONOMIC OPPORTUNITY,11672881.9400,2660826.7200,22.794942445892673
2023,BOARD OF MASSAGE THERAPY,552937.4800,,
2023,DEPT OF VETERANS SERVICES,34420019.6000,1320255.0900,3.835718588608822
2023,ARIZONA STATE RETIREMENT SYSTEM (ASRS),90892068.9600,,
2023,BOARD OF RESPIRATORY CARE EXAMINERS,438149.2200,,
2023,COTTON RESEARCH AND PROTECTION COUNCIL,3521758.3800,483096.6200,13.71748336693104
2024,BARBERING AND COSMETOLOGY BOARD,5017239.0200,,
2024,BOARD OF OCCUPATIONAL THERAPY EXAMINERS,346476.0900,,
2024,INDUSTRIAL COMMISSION,82260968.5100,3427806.6500,4.1669903869212295
2024,CONSTABLE ETHICS STANDARDS AND TRAINING BOARD,383002.3600,,
2024,BOARD OF ATHLETIC TRAINING,184190.2300,,
2024,BOARD OF PSYCHOLOGIST EXAMINERS,923347.2100,,
2025,VETERINARY MEDICAL EXAMINING BOARD,1852326.8000,,
2025,DEPT OF FORESTRY AND FIRE MANAGEMENT,98585448.9700,54455035.5000,55.236382314971166
2025,DEPT OF CORRECTIONS,155714537.1600,4125564.6000,2.6494408776753415
2025,LAND DEPARTMENT,81801009.4800,,
2025,BOARD OF PHYSICAL THERAPY,1287155.6900,,
2025,COURT OF APPEALS DIV II,48099.3000,,
2016,COURT OF APPEALS DIV II,82625.9400,,
2024,RESIDENTIAL UTILITY CONSUMER OFFICE,1581091.6100,,
2021,BOARD OF EQUALIZATION,10051.3900,,
2021,AUTOMOBILE THEFT AUTHORITY,-6034836.9400,,
2023,OFFICE OF EQUAL OPPORTUNITY,211400.0000,,
2020,BOARD OF EDUCATION,-163460.8200,,
2016,DEPT OF TRANSPORTATION,2888965039.5100,900968006.6300,31.186532003959936
2016,SECRETARY OF STATE (DEPT OF STATE),6451626.6000,3044446.3000,47.18881746814052
2016,RADIATION REGULATORY AGENCY,3637916.1300,78758.2700,2.1649281397809466
2016,BOARD OF EXAM NURSING CARE,408816.5500,,
2016,DEPT OF AGRICULTURE,16614474.1800,4668136.4800,28.09680540849954
2016,DEPT OF GAMING,16656083.2000,,
2016,BOARD FOR PRIVATE POSTSECONDARY EDU,1152256.3100,,
2017,DEPT OF FINANCIAL INSTITUTIONS,12891756.3400,,
2017,DEPT OF VETERANS SERVICES,40295485.1400,628065.6800,1.5586502503143707
2017,BOARD OF MASSAGE THERAPY,651606.7400,,
2017,ARIZONA STATE RETIREMENT SYSTEM (ASRS),89743668.2200,,
2017,BOARD OF RESPIRATORY CARE EXAMINERS,362241.4700,,
2017,COTTON RESEARCH AND PROTECTION COUNCIL,4359143.8200,480597.0000,11.025031975201038
2018,ACUPUNCTURE BOARD OF EXAMINERS,184949.0000,,
2018,SCHOOLS FOR THE DEAF AND THE BLIND,33401702.8700,1230307.8000,3.683368494080613
2018,BOARD OF DENTAL EXAMINERS,928796.8300,,
2018,DEPT OF JUVENILE CORRECTIONS,17282719.9700,,
2018,STATEWIDE SYSTEMS PROCESSING,334077553.7600,,
2018,GOVERNOR'S OFFICE ON TRIBAL RELATIONS,19975.0000,,
2019,BOARD OF BARBERS,447688.5400,,
2019,BOARD OF NURSING,8028581.8500,,
2019,CITIZENS CLEAN ELECTION COMMISSION,7370808.3500,,
2019,DEPT OF WATER RESOURCES,24612997.7700,503771.1600,2.046768803652315
2019,ARIZONA HISTORICAL SOCIETY,3078563.9500,,
2020,BOARD OF PHYSICAL THERAPY,182714.6300,,
2020,DEPT OF FORESTRY AND FIRE MANAGEMENT,44176927.6600,30554517.9600,69.16397218737687
2020,DEPT OF CORRECTIONS,417317160.7200,14957664.8900,3.5842439031726956
2020,LAND DEPARTMENT,15594678.3800,,
2020,COMMISSION FOR POSTSECONDARY EDUCATION,2963782.1200,,
2020,VETERINARY MEDICAL EXAMINING BOARD,179777.9000,,
2020,COURT OF APPEALS DIV II,28916.1100,,
2021,CRIMINAL JUSTICE COMMISSION,21283567.2100,10127168.0800,47.582099279117976
2021,COMMISSION FOR DEAF AND HARD OF HEARING,3701870.7200,,
2021,AUDITOR GENERAL,1563586.0000,,
2023,DEPT OF HOUSING,230706339.7700,113138280.5900,49.03995299946759
2023,DEPT OF ECONOMIC SECURITY,4767902363.1200,4503365968.8300,94.45172375306583
2023,PARKS BOARD,92108433.7500,8478325.2300,9.204721961738928
2023,REGISTRAR OF CONTRACTORS,20364460.2500,,
2023,DEPT OF PUBLIC SAFETY,521326973.0600,64064769.7600,12.288788624145624
2023,DEPT OF LIQUOR LICENSES AND CONTROL,24038156.4900,,
2023,BOARD OF PHARMACY,6919352.2300,89436.7600,1.2925597227473415
2023,BOARD OF CHIROPRACTIC EXAMINERS,645904.9800,,
2023,SUPREME COURT,119742310.3300,760113.5500,0.634791117613473
2023,ARIZONA COMMERCE AUTHORITY,50194864.1200,,
2023,DEPT OF EMERGENCY AND MILITARY AFFAIRS,637920441.7400,71937280.3100,11.276842001454437
2023,BOARD OF BEHAVIORAL HEALTH EXAMINERS,2869825.9900,,
2023,BOARD OF PODIATRY EXAMINERS,214981.4800,,
2023,ARIZONA STATE UNIVERSITY,110732850.5500,,
2023,WATER INFRASTRUCTURE FINANCE AUTHORITY OF ARIZONA,53499490.7200,950557.7800,1.7767604274495419
2024,DEPT OF ADMINISTRATION,1787917626.5900,399022.2000,0.02231770603218638
2024,BOARD OF OSTEOPATHIC EXAMINERS,1829790.9300,,
2025,DEPT OF AGRICULTURE,37507761.1000,6330663.4300,16.878275973662422
2025,DEPT OF TRANSPORTATION,4856236536.0600,1027290704.8700,21.154049998220835
2025,DEPT OF GAMING,231494691.9700,,
2025,SECRETARY OF STATE (DEPT OF STATE),14267066.7000,5152444.8400,36.114254936510534
2025,BOARD FOR PRIVATE POSTSECONDARY EDU,1011894.8800,,
2025,BOARD OF EXAM NURSING CARE,676537.2300,,
2025,BOARD OF EDUCATION,0.0000,,
2016,SENATE,4745.5500,,
2018,BOARD OF EXECUTIVE CLEMENCY,42054.9400,,
2018,BOARD FOR CHARTER SCHOOLS,75517.2500,,
2021,COMPANION ANIMAL SPAY/NEUTER COMMITTEE,442274.6200,,
2016,BOARD OF EDUCATION,326186.0000,,
2021,AFRICAN-AMERICAN AFFAIRS,3000.0000,,
2016,BOARD OF FUNERAL DIRECTORS AND EMBALMERS,417067.5200,,
2016,GOVERNOR'S OFFICE,21596837.9300,10206340.9400,47.258496697900625
2016,REAL ESTATE DEPARTMENT,4191685.5100,,
2016,COURT OF APPEALS,219170.2600,,
2017,CRIMINAL JUSTICE COMMISSION,18183132.7400,6650086.8800,36.57283359852985
2017,COMMISSION FOR DEAF AND HARD OF HEARING,5411393.3900,,
2017,AFRICAN-AMERICAN AFFAIRS,7275.0000,,
2017,AUDITOR GENERAL,2445623.3600,,
2018,ARIZONA HISTORICAL SOCIETY,1198087.6500,,
2018,DEPT OF WATER RESOURCES,19367751.2600,349045.8100,1.8022010160822355
2018,BOARD OF NURSING,5209506.4100,,
2018,CITIZENS CLEAN ELECTION COMMISSION,7454983.4900,,
2018,BOARD OF BARBERS,462561.1800,,
2019,BOARD OF DENTAL EXAMINERS,977383.9000,,
2019,DEPT OF JUVENILE CORRECTIONS,16751835.9900,,
2019,ACUPUNCTURE BOARD OF EXAMINERS,192918.1800,,
2019,SCHOOLS FOR THE DEAF AND THE BLIND,32171704.9100,1035829.8700,3.2196921888278007
2019,STATEWIDE SYSTEMS PROCESSING,437801063.1900,11390.0200,0.0026016428368189864
2019,GOVERNOR'S OFFICE ON TRIBAL RELATIONS,28225.0000,,
2020,DEPT OF HEALTH SERVICES,506957100.6300,244892555.2800,48.306366549688306
2020,BOARD OF ACCOUNTANCY,1867171.1100,,
2020,RETIREE ACCUMULATED SICK LEAVE,16122424.8700,,
2020,BOARD OF FINGERPRINTING,-1734516.0000,,
2020,PIONEERS' HOME,12167576.4300,,
2020,BOARD OF HOMEOPATHIC EXAMINERS,65927.0000,,
2021,DEPT OF VETERANS SERVICES,64361464.3200,29647406.9500,46.0639099237946
2021,DEPT OF FINANCIAL INSTITUTIONS,-41978442.2400,,
2021,COTTON RESEARCH AND PROTECTION COUNCIL,4645259.3900,499264.5000,10.747828228382312
2021,ARIZONA STATE RETIREMENT SYSTEM (ASRS),85970690.5300,,
2021,BOARD OF RESPIRATORY CARE EXAMINERS,400288.7000,,
2021,BOARD OF MASSAGE THERAPY,446044.9900,,
2023,DEPT OF REVENUE,11564027526.7800,,
2023,MEDICAL BOARD,9517241.3400,,
2023,OFFICE OF ECONOMIC OPPORTUNITY,9806905.8000,4579157.4800,46.69319328018833
2024,BOARD OF TECHNICAL REGISTRATION,3455917.0400,,
2024,BOARD OF REGENTS,352293395.9600,,
2024,GOVERNOR'S OFFICE OF HIGHWAY SAFETY,12496035.8700,10454410.4600,83.66181538497777
2024,OFFICE OF TOURISM,49915960.0500,,
2025,DEPT OF INSURANCE AND FINANCIAL INSTITUTIONS,978489690.5700,31276.1900,0.003196373993657579
2025,GOVERNOR'S OFFICE,133902930.8700,93679035.2200,69.96040684945763
2025,REAL ESTATE DEPARTMENT,3604900.1900,,
2025,BOARD OF FUNERAL DIRECTORS AND EMBALMERS,110352.9200,,
2025,COURT OF APPEALS,215659.1200,,
2019,BOARD OF EXECUTIVE CLEMENCY,-9918.0700,,
2019,BOARD FOR CHARTER SCHOOLS,83740.0000,,
2020,PARENTS COMMISSION DRUG EDU,5048673.7300,,
2020,PUBLIC SAFETY PERSONNEL RETIREMENT SYSTEM,12434453.0700,,
2020,COMMISSION ON THE ARTS,4565542.7000,841400.0000,18.429353426045058
2017,WATER INFRASTRUCTURE FINANCE AUTHORITY,-298904226.6200,34084.9800,-0.011403311483892994
2023,BOARD OF EQUALIZATION,6048.7400,,
2016,JOINT LEGISATIVE BUDGET COMMITTEE,0.0000,,
2021,OFFICE OF EQUAL OPPORTUNITY,197700.0000,,
2016,WEIGHTS AND MEASURES,4886879.4600,,
2016,GOVERNOR'S OFFICE OF HIGHWAY SAFETY,11517715.8000,9382858.0700,81.46457364402063
2016,BOARD OF TECHNICAL REGISTRATION,3255313.0200,,
2016,OFFICE OF TOURISM,21518626.5600,,
2016,GEOLOGICAL SURVEY,3521730.9600,2479621.1000,70.40915754677637
2016,BOARD OF REGENTS,196663559.2100,,
2017,STATE TREASURER,149300408.6400,0.0000,0.0
2017,UNIVERSITY OF ARIZONA,450986331.9900,,
2018,SUPREME COURT,91253621.9800,850236.2600,0.931728781336861
2018,DEPT OF PUBLIC SAFETY,493572006.6300,39623514.0500,8.027909508187175
2018,REGISTRAR OF CONTRACTORS,14044299.8400,,
2018,BOARD OF PHARMACY,6022790.1700,209469.0900,3.4779410221425664
2018,BOARD OF COSMETOLOGY,4612546.0800,,
2018,DEPT OF HOUSING,97511965.2300,79125846.0200,81.14475575727252
2018,PARKS BOARD,38388225.7400,908162.0700,2.3657307741985782
2018,DEPT OF ECONOMIC SECURITY,2316960893.6200,2125832138.5800,91.75088558610146
2018,DEPT OF INSURANCE,527663040.5500,149431.5000,0.0283194934108409
2018,DEPT OF EMERGENCY AND MILITARY AFFAIRS,68174679.3100,47217411.2300,69.25945484143121
2018,BOARD OF BEHAVIORAL HEALTH EXAMINERS,2299222.7700,,
2018,DEPT OF LIQUOR LICENSES AND CONTROL,9552914.3200,,
2018,BOARD OF PODIATRY EXAMINERS,165029.6200,,
2018,BOARD OF CHIROPRACTIC EXAMINERS,498526.8600,,
2018,ARIZONA STATE UNIVERSITY,680174583.0000,,
2018,ARIZONA COMMERCE AUTHORITY,26190713.4300,,
2019,DEPT OF REVENUE,10116690229.6100,,
2019,MEDICAL BOARD,8175796.0300,,
2019,OFFICE OF ECONOMIC OPPORTUNITY,5934412.8000,2044211.6600,34.44673852145911
2019,AUTOMOBILE THEFT AUTHORITY,6654826.7800,,
2020,AHCCCS,13510782896.2800,11616775437.9700,85.98151215329284
2020,GAME AND FISH DEPARTMENT,132854507.0300,40044563.4600,30.141667268358084
2020,LOTTERY COMMISSION,784705467.0900,,
2020,OFFICE OF ADMINISTRATIVE HEARINGS,736667.9100,,
2020,SCHOOL FACILITIES BOARD,423814542.5800,,
2020,NATUROPATHIC PHYSICIANS MEDICAL BOARD,300416.6300,,
2021,ATTORNEY GENERAL (DEPT OF LAW),139669149.4600,4981120.9300,3.5663716355819495
2021,DEPT OF EDUCATION,2830995955.1600,1458028269.8400,51.50230847848726
2021,DEPT OF ENVIRONMENTAL QUALITY,132632973.8700,17338854.1500,13.072808098983478
2021,CORPORATION COMMISSION,72508018.3000,1577980.0300,2.176283488360073
2021,EARLY CHILDHOOD DEVELOP AND HEALTH BOARD,125284921.2700,,
2021,BOARD OF OPTOMETRY,298089.5700,,
2021,DEPT OF CHILD SAFETY,695650838.5700,575178788.0700,82.68210949797087
2021,DEPT OF HOMELAND SECURITY,23260937.7500,23260937.7500,100.0
2021,BOARD OF DISPENSING OPTICIANS,184430.1800,,
2021,MINE INSPECTOR,395590.3200,309086.7700,78.1330468349175
2021,EXPOSITION AND STATE FAIR BOARD,2597359.5100,,
2023,BOARD OF DENTAL EXAMINERS,1779667.3300,,
2023,ACUPUNCTURE BOARD OF EXAMINERS,203126.3900,,
2021,PERSONNEL BOARD,572572.8500,,
2023,DEPT OF JUVENILE CORRECTIONS,15092069.4400,,
2023,STATEWIDE SYSTEMS PROCESSING,308452140.6600,0.0000,0.0
2023,SCHOOLS FOR THE DEAF AND THE BLIND,38820949.2000,1195262.1000,3.078910033451732
2023,BOARD OF EXECUTIVE CLEMENCY,24745.1700,,
2024,DEPT OF INSURANCE AND FINANCIAL INSTITUTIONS,864797955.1400,29351.8300,0.003394067923674531
2024,GOVERNOR'S OFFICE,107188325.8000,74275880.3500,69.2947480946661
2024,REAL ESTATE DEPARTMENT,3632015.2200,,
2024,BOARD OF FUNERAL DIRECTORS AND EMBALMERS,399221.1100,,
2024,COURT OF APPEALS,177128.0400,,
2025,BOARD OF TECHNICAL REGISTRATION,3476137.9600,,
2025,GOVERNOR'S OFFICE OF HIGHWAY SAFETY,13231352.1800,11110789.2400,83.9731955498444
2025,BOARD OF REGENTS,330853712.2700,,
2025,OFFICE OF TOURISM,42855336.0500,1897422.0600,4.42750479843688
2019,BOARD OF EQUALIZATION,15593.7900,,
2020,NORTHERN ARIZONA UNIVERSITY,4656435.0000,,
2023,GOVERNOR'S OFFICE ON TRIBAL RELATIONS,45900.0000,,
2023,BOARD FOR CHARTER SCHOOLS,438017.0000,,
2020,LEGISLATIVE COUNCIL,845.2400,,
2025,HOUSE OF REPRESENTATIVES,1540.3700,,
2016,HOUSE OF REPRESENTATIVES,1000.0000,,
2016,BOARD OF DENTAL EXAMINERS,1894259.5800,,
2016,DEPT OF JUVENILE CORRECTIONS,18497128.6600,189982.5300,1.0270920070466765
2016,ACUPUNCTURE BOARD OF EXAMINERS,179130.0000,,
2016,SCHOOLS FOR THE DEAF AND THE BLIND,30942800.9000,803327.9400,2.596170729974222
2016,STATEWIDE SYSTEMS PROCESSING,508244871.9300,,
2017,LOTTERY COMMISSION,444566423.4200,,
2017,OFFICE OF ADMINISTRATIVE HEARINGS,926197.5400,,
2017,AHCCCS,10740141702.1300,9288505890.4200,86.4840162078857
2017,GAME AND FISH DEPARTMENT,122189669.8800,35837849.5400,29.32968848773847
2017,NATUROPATHIC PHYSICIANS MEDICAL BOARD,419993.3000,,
2017,LEGISLATIVE COUNCIL,251878.3500,,
2017,SCHOOL FACILITIES BOARD,315564192.5300,,
2018,DEPT OF AGRICULTURE,21755298.3700,4978337.0800,22.883331661702233
2018,DEPT OF TRANSPORTATION,3053634594.0900,824305397.2900,26.994238239419982
2018,BOARD OF EXAM NURSING CARE,442145.6600,,
2018,SECRETARY OF STATE (DEPT OF STATE),15393933.4900,11356876.7800,73.77501525115397
2018,ARIZONA FINANCE AUTHORITY,124963526.8500,22096075.5300,17.68201977567665
2018,RADIATION REGULATORY AGENCY,3182850.2900,90760.2000,2.851538455489215
2018,DEPT OF GAMING,15174484.0100,,
2018,BOARD FOR PRIVATE POSTSECONDARY EDU,592264.5900,,
2019,COURT OF APPEALS,202265.6300,,
2019,REAL ESTATE DEPARTMENT,4268882.3400,,
2019,BOARD OF FUNERAL DIRECTORS AND EMBALMERS,524727.9800,,
2019,GOVERNOR'S OFFICE,36178086.9500,10696613.6200,29.566554015924822
2020,STATE TREASURER,611559748.9100,0.0000,0.0
2020,UNIVERSITY OF ARIZONA,13916645.9900,,
2021,INDUSTRIAL COMMISSION,54642729.6200,3440801.3800,6.296906109794008
2021,BOARD OF PSYCHOLOGIST EXAMINERS,743997.4200,,
2021,BOARD OF ATHLETIC TRAINING,144256.9800,,
2021,BOARD OF OCCUPATIONAL THERAPY EXAMINERS,259686.3500,,
2021,CONSTABLE ETHICS STANDARDS AND TRAINING BOARD,316203.4900,,
2023,BOARD OF TECHNICAL REGISTRATION,3374048.5700,,
2023,BOARD OF REGENTS,303107239.9400,,
2023,GOVERNOR'S OFFICE OF HIGHWAY SAFETY,15913748.8200,14101454.9700,88.61177293610193
2023,OFFICE OF TOURISM,45893337.1700,2732674.4800,5.954403511510862
2024,DEPT OF REVENUE,13018300735.7200,,
2024,MEDICAL BOARD,10579554.7400,,
2024,OFFICE OF ECONOMIC OPPORTUNITY,32834852.2600,8726520.3800,26.57700516177075
2025,BOARD OF DENTAL EXAMINERS,2200043.3200,,
2025,DEPT OF JUVENILE CORRECTIONS,14164484.7200,,
2025,BOARD FOR CHARTER SCHOOLS,103600.0000,,
2025,STATEWIDE SYSTEMS PROCESSING,248206505.4600,,
2025,ACUPUNCTURE BOARD OF EXAMINERS,239674.6100,,
2025,SCHOOLS FOR THE DEAF AND THE BLIND,42094624.6400,1815731.3100,4.313451718665807
2025,GOVERNOR'S OFFICE ON TRIBAL RELATIONS,94100.0000,,
2017,NORTHERN ARIZONA UNIVERSITY,147361273.0000,,
2025,BOARD OF EXECUTIVE CLEMENCY,28094.7900,,
2016,GOVERNOR'S OFFICE ON TRIBAL RELATIONS,16000.0000,,
2018,"DEPT OF FIRE\, BUILDING AND LIFE SAFETY",1629973.4800,,
2016,BOARD OF EXECUTIVE CLEMENCY,44542.8500,,
2016,BOARD FOR CHARTER SCHOOLS,97289.5000,,
2021,RESIDENTIAL UTILITY CONSUMER OFFICE,1349570.9600,,
2024,BOARD OF EQUALIZATION,3840.0600,,
2016,BOARD OF MASSAGE THERAPY,647649.0000,,
2016,DEPT OF FINANCIAL INSTITUTIONS,13107998.6600,,
2016,DEPT OF VETERANS SERVICES,34777110.1700,5306626.8800,15.258964456965401
2016,BOARD OF RESPIRATORY CARE EXAMINERS,319201.3600,,
2016,COTTON RESEARCH AND PROTECTION COUNCIL,2942083.9400,384296.0000,13.062033845302183
2016,ARIZONA STATE RETIREMENT SYSTEM (ASRS),88313245.8000,,
2017,DEPT OF TRANSPORTATION,2795508447.2100,816334432.8100,29.2016442885274
2017,SECRETARY OF STATE (DEPT OF STATE),7231874.1500,2990600.8700,41.35305465734633
2017,DEPT OF AGRICULTURE,21802488.2900,4292591.3300,19.688538633312117
2017,BOARD OF EXAM NURSING CARE,537049.3700,,
2017,DEPT OF GAMING,16342078.4300,,
2017,RADIATION REGULATORY AGENCY,3410311.8200,60000.0000,1.7593699100512166
2017,BOARD FOR PRIVATE POSTSECONDARY EDU,505070.3800,,
2017,ARIZONA FINANCE AUTHORITY,471167882.1200,16081806.4200,3.413179681866385
2018,GAME AND FISH DEPARTMENT,123652556.9700,35392792.9500,28.622774827524864
2018,AHCCCS,11339812856.0200,9732843749.8700,85.8289627302191
2018,NORTHERN ARIZONA UNIVERSITY,157575566.0000,,
2018,NATUROPATHIC PHYSICIANS MEDICAL BOARD,432744.9000,,
2018,OFFICE OF ADMINISTRATIVE HEARINGS,843718.5400,,
2018,LOTTERY COMMISSION,475356082.5600,,
2018,SCHOOL FACILITIES BOARD,406997884.1000,,
2019,BOARD OF PSYCHOLOGIST EXAMINERS,708716.3300,,
2019,INDUSTRIAL COMMISSION,33571136.1000,2575953.4900,7.673119796502806
2019,BOARD OF ATHLETIC TRAINING,173079.8600,,
2019,CONSTABLE ETHICS STANDARDS AND TRAINING BOARD,391876.0500,,
2020,DEPT OF ECONOMIC SECURITY,3096864548.1900,2881927887.7700,93.05953950922321
2020,REGISTRAR OF CONTRACTORS,15825983.4300,,
2020,SUPREME COURT,104869026.3600,1067527.1000,1.0179622497259924
2020,DEPT OF PUBLIC SAFETY,730599093.7900,58366813.1900,7.988897561755899
2020,DEPT OF HOUSING,150547594.1200,99799142.7100,66.29075894128941
2020,BOARD OF COSMETOLOGY,3999364.9500,,
2020,ARIZONA STATE UNIVERSITY,12638976.0000,,
2020,DEPT OF INSURANCE,485386665.8500,,
2020,ARIZONA COMMERCE AUTHORITY,22899840.7100,,
2020,BOARD OF PHARMACY,6329040.0400,68020.1300,1.0747306000611112
2020,DEPT OF LIQUOR LICENSES AND CONTROL,11378438.8900,,
2020,PARKS BOARD,40073814.0000,2183616.4100,5.44898573916623
2020,BOARD OF BEHAVIORAL HEALTH EXAMINERS,2251536.0900,,
2020,DEPT OF EMERGENCY AND MILITARY AFFAIRS,108844075.5300,54403080.6200,49.982583209138674
2020,BOARD OF PODIATRY EXAMINERS,172858.1100,,
2020,BOARD OF CHIROPRACTIC EXAMINERS,533252.6000,,
2021,GOVERNOR'S OFFICE,2278876208.3600,2246578272.0500,98.58272528400113
2021,REAL ESTATE DEPARTMENT,4043782.0000,,
2021,COURT OF APPEALS,186378.4500,,
2021,DEPT OF INSURANCE AND FINANCIAL INSTITUTIONS,736116127.0000,46748.1600,0.006350650160392424
2021,BOARD OF FUNERAL DIRECTORS AND EMBALMERS,483109.8100,,
2023,DEPT OF CORRECTIONS,144673617.2100,13287010.4300,9.18412816810499
2023,LAND DEPARTMENT,4444951.7200,,
2023,DEPT OF FORESTRY AND FIRE MANAGEMENT,68402842.1200,46729535.3400,68.31519552655686
2023,VETERINARY MEDICAL EXAMINING BOARD,1727978.0700,,
2023,BOARD OF PHYSICAL THERAPY,1297383.1100,,
2023,COMMISSION FOR POSTSECONDARY EDUCATION,-1377978.0200,,
2023,COURT OF APPEALS DIV II,31451.6400,,
2024,DEPT OF ENVIRONMENTAL QUALITY,170426013.2600,28262687.6200,16.58355263928093
2024,ATTORNEY GENERAL (DEPT OF LAW),161639829.6000,5595689.0800,3.461825648942654
2024,DEPT OF EDUCATION,4101835898.0300,2384116483.7000,58.12315614198574
2024,DEPT OF CHILD SAFETY,759929834.5200,642085987.3400,84.49279896288918
2024,CORPORATION COMMISSION,74953590.8900,1516558.0300,2.0233293855469343
2024,BOARD OF OPTOMETRY,357277.4900,,
2024,EARLY CHILDHOOD DEVELOP AND HEALTH BOARD,206774349.5300,4400254.0000,2.1280463510110503
2024,MINE INSPECTOR,551783.3700,426763.3200,77.34254839902115
2024,DEPT OF HOMELAND SECURITY,59209674.7600,32890274.7600,55.54881848839259
2024,EXPOSITION AND STATE FAIR BOARD,20846999.3100,,
2024,BOARD OF DISPENSING OPTICIANS,180042.0100,,
2024,PERSONNEL BOARD,684181.7300,,
2025,BOARD OF RESPIRATORY CARE EXAMINERS,379172.7800,,
2025,BOARD OF MASSAGE THERAPY,535530.4500,,
2025,DEPT OF VETERANS SERVICES,59824958.9200,4272471.3300,7.141620165110846
2025,COTTON RESEARCH AND PROTECTION COUNCIL,4122062.0400,598094.8800,14.509604033033913
2025,ARIZONA STATE RETIREMENT SYSTEM (ASRS),85510179.1500,,
2025,OFFICE OF EQUAL OPPORTUNITY,311700.0000,,
2018,LEGISLATIVE COUNCIL,1322.0800,,
2018,OCCUPATIONAL SAFETY AND HEALTH,3404.0500,,
2017,SENATE,20.0000,,
2019,RESIDENTIAL UTILITY CONSUMER OFFICE,1342287.1900,,
2016,DEPT OF ADMINISTRATION,1139498094.6100,2195998.2900,0.19271627573467717
2016,BOARD OF OSTEOPATHIC EXAMINERS,1079399.5800,,
2017,DEPT OF CHILD SAFETY,568359861.7500,484755453.5300,85.2902335568562
2017,DEPT OF EDUCATION,2061881469.0100,1135100764.5200,55.0516982465055
2017,DEPT OF ENVIRONMENTAL QUALITY,122298231.6700,14662736.1000,11.989327972921785
2017,ATTORNEY GENERAL (DEPT OF LAW),108240170.9900,4198987.9300,3.8793249230804823
2017,CORPORATION COMMISSION,79521986.0900,1167760.0000,1.4684743898100998
2017,MINE INSPECTOR,804313.7200,671328.9400,83.46605600610667
2017,PERSONNEL BOARD,488627.4300,,
2017,EARLY CHILDHOOD DEVELOP AND HEALTH BOARD,139987463.5800,79762.4800,0.056978302170906436
2017,BOARD OF OPTOMETRY,286959.1000,,
2017,BOARD OF DISPENSING OPTICIANS,176070.0000,,
2017,DEPT OF HOMELAND SECURITY,22412591.7700,22412591.7700,100.0
2017,EXPOSITION AND STATE FAIR BOARD,13070169.0400,,
2017,BOARD OF OCCUPATIONAL EXAMINERS,232406.0000,,
2018,DEPT OF REVENUE,9176206700.8200,,
2018,MEDICAL BOARD,7930233.6800,,
2018,OFFICE OF ECONOMIC OPPORTUNITY,11810343.0700,2150877.0800,18.21180864308288
2018,AUTOMOBILE THEFT AUTHORITY,6338451.9100,,
2019,PARKS BOARD,38173810.3800,1159320.4900,3.036952503456114
2019,DEPT OF PUBLIC SAFETY,547835905.2900,56552544.1900,10.322898452605731
2019,BOARD OF COSMETOLOGY,2555839.5000,,
2019,REGISTRAR OF CONTRACTORS,15619870.9800,,
2019,SUPREME COURT,88358598.8200,1109352.2200,1.255511330889165
2019,DEPT OF INSURANCE,568254638.4800,215453.7500,0.03791500067228804
2019,DEPT OF HOUSING,114543432.4000,84158734.5100,73.4732081505181
2019,DEPT OF ECONOMIC SECURITY,2519299869.5700,2328983504.1000,92.44566445746358
2019,BOARD OF PHARMACY,7129164.3300,-632356.8500,-8.869999634304964
2019,DEPT OF EMERGENCY AND MILITARY AFFAIRS,62339169.0300,45050203.7600,72.26628853252778
2019,DEPT OF LIQUOR LICENSES AND CONTROL,9830578.8200,,
2019,BOARD OF PODIATRY EXAMINERS,170248.3400,,
2019,BOARD OF BEHAVIORAL HEALTH EXAMINERS,2237304.3400,,
2019,ARIZONA STATE UNIVERSITY,12374166.0000,,
2019,BOARD OF CHIROPRACTIC EXAMINERS,533822.3300,,
2019,ARIZONA COMMERCE AUTHORITY,26786842.6900,,
2020,INDUSTRIAL COMMISSION,25234075.5300,2752533.2900,10.908001312461792
2020,BOARD OF ATHLETIC TRAINING,172478.8900,,
2020,CONSTABLE ETHICS STANDARDS AND TRAINING BOARD,431133.6800,,
2020,BOARD OF PSYCHOLOGIST EXAMINERS,793681.4500,,
2021,STATE TREASURER,332007669.5900,0.0000,0.0
2021,UNIVERSITY OF ARIZONA,60394885.6400,,
2023,DEPT OF WATER RESOURCES,40170581.5000,715635.5100,1.781491537532261
2023,BOARD OF NURSING,9019735.6100,,
2023,CITIZENS CLEAN ELECTION COMMISSION,6022869.0600,,
2023,ARIZONA HISTORICAL SOCIETY,1190735.8100,,
2024,DEPT OF TRANSPORTATION,5378385533.3700,1115531160.6700,20.741004038269978
2024,SECRETARY OF STATE (DEPT OF STATE),12470935.1600,6690615.8100,53.64967201064334
2024,DEPT OF AGRICULTURE,33719749.7200,5370425.9500,15.926648313212926
2024,BOARD FOR PRIVATE POSTSECONDARY EDU,929845.0300,,
2024,DEPT OF GAMING,215291424.7100,,
2024,BOARD OF EXAM NURSING CARE,442349.9100,,
2025,DEPT OF ADMINISTRATION,1872833171.8400,1544127.9000,0.08244876923463197
2025,BOARD OF OSTEOPATHIC EXAMINERS,1840824.1200,,
2018,BOARD OF EQUALIZATION,1077.8400,,
2020,RESIDENTIAL UTILITY CONSUMER OFFICE,1342513.6900,,
2020,BOARD OF OCCUPATIONAL THERAPY EXAMINERS,29783.0000,,
2023,BOARD OF BARBERS,11857.4000,,
2024,BOARD OF EDUCATION,21.2500,,
2016,NAVIGABLE STREAM ADJUDICATION COMMISSION,200000.0000,,
2025,NAVIGABLE STREAM ADJUDICATION COMMISSION,26549.4300,,
2016,DEPT OF INSURANCE,529652390.0900,333837.3500,0.06302951827391423
2016,BOARD OF PHARMACY,4241220.6300,4800.0000,0.11317496585882636
2016,BOARD OF PODIATRY EXAMINERS,166581.6000,,
2016,DEPT OF PUBLIC SAFETY,452429540.8600,19791010.9800,4.374385223029488
2016,DEPT OF LIQUOR LICENSES AND CONTROL,8108738.7500,,
2016,REGISTRAR OF CONTRACTORS,13434870.7000,,
2016,DEPT OF EMERGENCY AND MILITARY AFFAIRS,60318775.7000,49558520.4300,82.16101844719637
2016,DEPT OF ECONOMIC SECURITY,1914593256.2000,1816924068.1000,94.8986977895321
2016,SUPREME COURT,90747631.0500,898010.5900,0.9895691817070303
2016,DEPT OF HOUSING,95600454.5600,77009058.4200,80.55302537465256
2016,BOARD OF COSMETOLOGY,5019126.9000,,
2016,BOARD OF BEHAVIORAL HEALTH EXAMINERS,2150621.8100,,
2016,PARKS BOARD,30363787.4700,1271316.5400,4.186949804124683
2016,ARIZONA COMMERCE AUTHORITY,35859775.1900,,
2016,ARIZONA STATE UNIVERSITY,619217398.0000,,
2016,BOARD OF CHIROPRACTIC EXAMINERS,448257.2400,,
2017,DEPT OF CORRECTIONS,117697842.1400,6369523.2900,5.411758766506133
2017,LAND DEPARTMENT,8192644.8100,,
2017,DEPT OF FORESTRY AND FIRE MANAGEMENT,59255347.4200,28831151.7300,48.655780423740865
2017,COMMISSION FOR POSTSECONDARY EDUCATION,2493836.1100,,
2017,VETERINARY MEDICAL EXAMINING BOARD,1360077.1900,,
2017,COURT OF APPEALS DIV II,84920.3300,,
2017,BOARD OF PHYSICAL THERAPY,1050694.4400,,
2018,BOARD OF TECHNICAL REGISTRATION,2993833.4800,,
2018,GOVERNOR'S OFFICE OF HIGHWAY SAFETY,10773759.2500,8936259.6000,82.94467504459968
2018,BOARD OF REGENTS,226594578.8600,,
2019,DEPT OF ADMINISTRATION,1220087658.6200,898073.2000,0.07360726859705968
2019,BOARD OF OSTEOPATHIC EXAMINERS,1352287.2100,,
2020,ARIZONA STATE RETIREMENT SYSTEM (ASRS),94804912.0800,,
2020,DEPT OF VETERANS SERVICES,59070193.0400,12678001.7700,21.462604263735788
2020,COTTON RESEARCH AND PROTECTION COUNCIL,4039878.3000,416997.0000,10.322018858835426
2020,DEPT OF FINANCIAL INSTITUTIONS,13542066.8300,,
2020,BOARD OF RESPIRATORY CARE EXAMINERS,285801.2600,,
2020,BOARD OF MASSAGE THERAPY,477701.9400,,
2021,DEPT OF HEALTH SERVICES,764382278.8500,336799827.1200,44.06170007325517
2021,BOARD OF ACCOUNTANCY,1832802.9600,,
2021,PIONEERS' HOME,14455973.8800,,
2021,RETIREE ACCUMULATED SICK LEAVE,16889397.4100,,
2021,PARENTS COMMISSION DRUG EDU,5833306.3300,,
2021,BOARD OF FINGERPRINTING,817448.0000,,
2021,BOARD OF HOMEOPATHIC EXAMINERS,50383.2500,,
2021,PUBLIC SAFETY PERSONNEL RETIREMENT SYSTEM,13841599.3300,,
2021,COMMISSION ON THE ARTS,4869170.0100,1351700.0000,27.760377995099006
2023,DEPT OF TRANSPORTATION,5407294235.4300,937183184.5000,17.331832589381428
2023,DEPT OF GAMING,215204246.9400,,
2023,DEPT OF AGRICULTURE,43525029.5500,5502000.2200,12.641002836493193
2023,ARIZONA FINANCE AUTHORITY,565969095.0000,32619750.9300,5.763521580626236
2023,SECRETARY OF STATE (DEPT OF STATE),11007638.4900,4555254.9900,41.38267253360716
2023,BOARD OF EXAM NURSING CARE,544552.0600,,
2023,BOARD FOR PRIVATE POSTSECONDARY EDU,970076.8000,,
2024,DEPT OF WATER RESOURCES,26651120.2900,403922.6700,1.515593587079187
2024,BOARD OF NURSING,13536090.8500,,
2024,CITIZENS CLEAN ELECTION COMMISSION,6442986.2100,,
2024,ARIZONA HISTORICAL SOCIETY,1195718.2200,,
2025,REGISTRAR OF CONTRACTORS,22780258.5400,,
2025,SUPREME COURT,115505150.9200,2145846.2000,1.8577926463956869
2025,DEPT OF PUBLIC SAFETY,502913421.2900,41661170.3700,8.283964715663554
2025,DEPT OF HOUSING,217825735.1400,130950323.3900,60.11701202607497
2025,DEPT OF LIQUOR LICENSES AND CONTROL,18958772.1300,,
2025,DEPT OF EMERGENCY AND MILITARY AFFAIRS,700108009.6300,664555304.3200,94.9218256581882
2025,BOARD OF BEHAVIORAL HEALTH EXAMINERS,3212195.5200,,
2025,BOARD OF PHARMACY,6707741.3400,,
2025,BOARD OF PODIATRY EXAMINERS,247141.1600,,
2025,DEPT OF ECONOMIC SECURITY,5316771482.6400,5139544115.1800,96.66663560699058
2025,PARKS BOARD,63184963.0600,8897818.3700,14.082177054611385
2025,BOARD OF CHIROPRACTIC EXAMINERS,342844.4200,,
2025,WATER INFRASTRUCTURE FINANCE AUTHORITY OF ARIZONA,211838255.9200,47545736.7400,22.444358094581126
2025,ARIZONA STATE UNIVERSITY,13833093.5400,,
2025,ARIZONA COMMERCE AUTHORITY,-8875532.4900,,
2018,OFFICE OF TOURISM,25776938.9300,,
2018,GEOLOGICAL SURVEY,1878606.8100,,
2017,OFFICE OF PEST MANAGEMENT,-2713963.8600,,
2018,WEIGHTS AND MEASURES,-4894423.2700,,
2020,OFFICE OF EQUAL OPPORTUNITY,190200.0000,,
2016,EXPOSITION AND STATE FAIR BOARD,12257407.3500,,
2016,DEPT OF ENVIRONMENTAL QUALITY,116403149.7300,12403029.4500,10.655235256751329
2016,DEPT OF CHILD SAFETY,614874715.1800,444524993.9900,72.29521445842323
2016,MINE INSPECTOR,636914.0500,494805.2400,77.68791409139114
2016,ATTORNEY GENERAL (DEPT OF LAW),81169893.4200,3981746.0200,4.905446899378225
2016,DEPT OF EDUCATION,1992910200.6800,1131116490.3700,56.757022468149955
2016,BOARD OF DISPENSING OPTICIANS,192770.0000,,
2016,EARLY CHILDHOOD DEVELOP AND HEALTH BOARD,159278936.4000,222352.5900,0.13959949446272168
2016,CORPORATION COMMISSION,46838548.2400,1374358.0000,2.9342455128152367
2016,BOARD OF OPTOMETRY,243506.1000,,
2016,DEPT OF HOMELAND SECURITY,23460276.8800,23460276.8800,100.0
2016,BOARD OF OCCUPATIONAL EXAMINERS,333954.0000,,
2017,DEPT OF ADMINISTRATION,1127984488.5800,1601854.2500,0.14201030831696512
2017,BOARD OF OSTEOPATHIC EXAMINERS,1151000.6500,,
2018,DEPT OF HEALTH SERVICES,392262484.4500,257041701.4400,65.52798486462551
2018,BOARD OF ACCOUNTANCY,1947364.0900,,
2018,PIONEERS' HOME,10121882.7300,,
2018,BOARD OF HOMEOPATHIC EXAMINERS,77300.0000,,
2018,RETIREE ACCUMULATED SICK LEAVE,14950538.5600,,
2018,BOARD OF FINGERPRINTING,1135337.0000,,
2018,PARENTS COMMISSION DRUG EDU,4815394.4000,,
2018,PUBLIC SAFETY PERSONNEL RETIREMENT SYSTEM,12040079.8600,,
2018,COMMISSION ON THE ARTS,3869767.0000,547740.0000,14.154340558488405
2019,DEPT OF CORRECTIONS,115668535.9900,6700596.7100,5.7929294709663255
2019,LAND DEPARTMENT,-4781331.6600,,
2019,DEPT OF FORESTRY AND FIRE MANAGEMENT,70836757.3700,62183372.8700,87.7840476875572
2019,BOARD OF PHYSICAL THERAPY,1075466.4000,,
2019,VETERINARY MEDICAL EXAMINING BOARD,1486270.7400,,
2019,COURT OF APPEALS DIV II,75505.1000,,
2019,COMMISSION FOR POSTSECONDARY EDUCATION,2896828.8400,,
2020,DEPT OF WATER RESOURCES,75110297.1600,418391.2000,0.5570357405306796
2020,BOARD OF NURSING,7282096.0700,,
2020,ARIZONA HISTORICAL SOCIETY,1195471.2700,,
2020,CITIZENS CLEAN ELECTION COMMISSION,6529330.1800,,
2020,BOARD OF BARBERS,405304.9100,,
2021,BOARD OF TECHNICAL REGISTRATION,3169517.9300,,
2021,GOVERNOR'S OFFICE OF HIGHWAY SAFETY,21427560.4700,9681961.5300,45.184618862961024
2021,BOARD OF REGENTS,233899333.0100,,
2021,OFFICE OF TOURISM,27473066.2800,,
2023,INDUSTRIAL COMMISSION,42878554.2500,3467414.4600,8.086593684534035
2023,BARBERING AND COSMETOLOGY BOARD,3008821.2100,,
2023,BOARD OF PSYCHOLOGIST EXAMINERS,919867.3800,,
2023,BOARD OF OCCUPATIONAL THERAPY EXAMINERS,345746.7700,,
2023,BOARD OF ATHLETIC TRAINING,180138.7100,,
2023,CONSTABLE ETHICS STANDARDS AND TRAINING BOARD,401777.5400,,
2024,ARIZONA STATE RETIREMENT SYSTEM (ASRS),85466181.7300,,
2024,BOARD OF MASSAGE THERAPY,603358.8700,,
2024,DEPT OF VETERANS SERVICES,48165137.1000,5727956.2100,11.892328258316116
2024,COTTON RESEARCH AND PROTECTION COUNCIL,4008654.9100,497062.9400,12.399743833274988
2024,BOARD OF RESPIRATORY CARE EXAMINERS,380436.4200,,
2025,CORPORATION COMMISSION,86891011.1600,1954795.2800,2.2497094393348296
2025,DEPT OF ENVIRONMENTAL QUALITY,163169129.9600,24029521.0000,14.726756835616333
2025,ATTORNEY GENERAL (DEPT OF LAW),191387228.3700,6232937.2100,3.2567153320963262
2025,DEPT OF EDUCATION,3884315102.7700,2158670278.8400,55.57402583792956
2025,DEPT OF CHILD SAFETY,715445345.9300,519118595.0200,72.55880522155094
2025,BOARD OF OPTOMETRY,346255.5300,,
2025,EXPOSITION AND STATE FAIR BOARD,12783421.3000,-1011.3600,-0.0079114970575209
2025,BOARD OF DISPENSING OPTICIANS,171927.9800,,
2025,EARLY CHILDHOOD DEVELOP AND HEALTH BOARD,113761590.4100,4694017.0000,4.1261879190354405
2025,MINE INSPECTOR,541532.1100,350020.6000,64.63524388239878
2025,PERSONNEL BOARD,684042.4000,,
2025,DEPT OF HOMELAND SECURITY,48361403.6400,33684008.1600,69.65060073678208
2017,NAVIGABLE STREAM ADJUDICATION COMMISSION,200000.0000,,
2016,PERSONNEL BOARD,487763.1600,,
2023,RESIDENTIAL UTILITY CONSUMER OFFICE,1454133.5800,,
2024,OFFICE OF EQUAL OPPORTUNITY,310500.0000,,
2016,CRIMINAL JUSTICE COMMISSION,19307968.3800,6790928.7400,35.17163798048441
2016,COMMISSION FOR DEAF AND HARD OF HEARING,3623383.2200,,
2016,WATER INFRASTRUCTURE FINANCE AUTHORITY,362613626.3400,28483706.6900,7.8551120589419385
2017,GOVERNOR'S OFFICE,25445800.0900,10730130.2400,42.16857085274696
2017,REAL ESTATE DEPARTMENT,4182693.2400,,
2017,COURT OF APPEALS,149226.0700,,
2017,BOARD OF FUNERAL DIRECTORS AND EMBALMERS,485588.1000,,
2018,INDUSTRIAL COMMISSION,48707114.9900,2840398.1700,5.831587788730986
2018,BOARD OF PSYCHOLOGIST EXAMINERS,673470.7500,,
2018,CONSTABLE ETHICS STANDARDS AND TRAINING BOARD,314546.3200,,
2018,BOARD OF ATHLETIC TRAINING,167161.0000,,
2019,AHCCCS,12043874149.6400,10384148448.6600,86.21933706414883
2019,GAME AND FISH DEPARTMENT,141677851.1500,33207160.8800,23.43849840356645
2019,LOTTERY COMMISSION,537650772.2400,,
2019,NATUROPATHIC PHYSICIANS MEDICAL BOARD,406802.9400,,
2019,NORTHERN ARIZONA UNIVERSITY,4830229.3100,,
2019,SCHOOL FACILITIES BOARD,364259965.4900,,
2019,OFFICE OF ADMINISTRATIVE HEARINGS,738155.6900,,
2019,LEGISLATIVE COUNCIL,1364.8000,,
2020,DEPT OF REVENUE,9884588730.9800,,
2020,AUTOMOBILE THEFT AUTHORITY,6845983.0600,,
2020,MEDICAL BOARD,8752153.7000,,
2021,DEPT OF TRANSPORTATION,3954731872.8700,766014574.9200,19.36957041702282
2021,BOARD OF EXAM NURSING CARE,607949.1400,,
2021,ARIZONA FINANCE AUTHORITY,233569336.5100,30516823.1000,13.065423550874993
2021,DEPT OF AGRICULTURE,28083177.4600,4177019.5700,14.87374274492086
2021,SECRETARY OF STATE (DEPT OF STATE),1519899.1200,-3245753.6500,-213.55059735806674
2021,DEPT OF GAMING,102553203.8100,,
2021,BOARD FOR PRIVATE POSTSECONDARY EDU,712081.9700,,
2023,DEPT OF HEALTH SERVICES,666596538.2100,460316791.5300,69.0547827875135
2020,OFFICE OF ECONOMIC OPPORTUNITY,12273937.7000,1929823.1300,15.722934050740701
2023,BOARD OF HOMEOPATHIC EXAMINERS,50827.2700,,
2023,BOARD OF ACCOUNTANCY,1885637.4500,,
2023,PIONEERS' HOME,13296799.2700,,
2023,RETIREE ACCUMULATED SICK LEAVE,19508643.6500,,
2023,PUBLIC SAFETY PERSONNEL RETIREMENT SYSTEM,17663067.0900,,
2023,PARENTS COMMISSION DRUG EDU,5283191.8200,,
2023,COMMISSION ON THE ARTS,7581922.3200,1008332.0000,13.299160258344614
2024,STATE TREASURER,1189853073.0300,0.0000,0.0
2025,CRIMINAL JUSTICE COMMISSION,33689068.0700,17563110.7900,52.13296714977963
2025,COMMISSION FOR DEAF AND HARD OF HEARING,2452916.3600,,
2025,AUDITOR GENERAL,1386759.0000,,
2025,COMPANION ANIMAL SPAY/NEUTER COMMITTEE,353243.9500,,
2018,RESIDENTIAL UTILITY CONSUMER OFFICE,1141377.8900,,
2023,BOARD OF FINGERPRINTING,802832.0000,,
2024,UNIVERSITY OF ARIZONA,14225041.4100,,
2016,AUDITOR GENERAL,1741494.1400,,
2017,JOINT LEGISATIVE BUDGET COMMITTEE,0.0000,,
2025,BOARD OF MEDICAL STUDENT LOANS,4798.8600,,
2016,AFRICAN-AMERICAN AFFAIRS,6026.3100,,
2020,BOARD OF EQUALIZATION,1509.2100,,
2016,DEPT OF HEALTH SERVICES,2535407953.4500,2292821431.9000,90.43205172485534
2016,BOARD OF ACCOUNTANCY,2043625.4800,,
2016,PIONEERS' HOME,9557875.7700,,
2016,PARENTS COMMISSION DRUG EDU,4377551.0900,,
2016,RETIREE ACCUMULATED SICK LEAVE,13991308.4700,,
2016,PUBLIC SAFETY PERSONNEL RETIREMENT SYSTEM,10763497.4200,,
2017,MEDICAL BOARD,7474063.2800,,
2017,DEPT OF REVENUE,8475587821.3700,,
2017,AUTOMOBILE THEFT AUTHORITY,3256849.3400,,
2017,OFFICE OF ECONOMIC OPPORTUNITY,3767647.1500,1882151.3300,49.9556156685214
2018,DEPT OF CHILD SAFETY,581886303.6000,478635794.2500,82.25589626165588
2018,CORPORATION COMMISSION,48499249.4400,1170866.0000,2.414194061804021
2018,DEPT OF ENVIRONMENTAL QUALITY,132015481.9800,15172246.0100,11.492777803362907
2018,ATTORNEY GENERAL (DEPT OF LAW),128068640.3200,4583299.9000,3.578783915053593
2018,DEPT OF EDUCATION,2128819993.5800,1118964765.1100,52.56267643504495
2018,BOARD OF OPTOMETRY,288905.3000,,
2018,DEPT OF HOMELAND SECURITY,19363495.1300,19363495.1300,100.0
2018,BOARD OF DISPENSING OPTICIANS,187320.0000,,
2018,MINE INSPECTOR,427647.4300,337436.9800,78.90541514536869
2018,BOARD OF OCCUPATIONAL EXAMINERS,286103.0000,,
2018,EXPOSITION AND STATE FAIR BOARD,13684198.2200,,
2018,EARLY CHILDHOOD DEVELOP AND HEALTH BOARD,135549705.3600,,
2018,PERSONNEL BOARD,493574.3100,,
2019,STATE TREASURER,467325832.5800,0.0000,0.0
2019,UNIVERSITY OF ARIZONA,13286637.4300,,
2020,BOARD OF FUNERAL DIRECTORS AND EMBALMERS,404295.4000,,
2020,GOVERNOR'S OFFICE,1949845187.6800,1868234356.1500,95.81449686130703
2020,COURT OF APPEALS,187602.4500,,
2020,REAL ESTATE DEPARTMENT,3952282.8700,,
2021,DEPT OF ECONOMIC SECURITY,3848681293.2500,3534209849.0400,91.82911183730555
2021,DEPT OF EMERGENCY AND MILITARY AFFAIRS,131752025.0500,59925407.7200,45.48348133340513
2021,DEPT OF PUBLIC SAFETY,652120058.8800,57338945.1600,8.7926976603784
2021,SUPREME COURT,101228232.8200,747495.0100,0.738425426559768
2021,DEPT OF HOUSING,140901852.1800,110752440.7100,78.60254425081327
2021,DEPT OF LIQUOR LICENSES AND CONTROL,10268288.7000,,
2021,REGISTRAR OF CONTRACTORS,15912100.8000,,
2021,BOARD OF BEHAVIORAL HEALTH EXAMINERS,2463514.3800,,
2021,PARKS BOARD,41310018.3300,2176414.8800,5.26849168309241
2021,BOARD OF COSMETOLOGY,1743469.5700,,
2021,BOARD OF CHIROPRACTIC EXAMINERS,546023.2700,,
2021,BOARD OF PODIATRY EXAMINERS,181967.9200,,
2021,BOARD OF PHARMACY,6841834.8700,59341.4100,0.8673318068549059
2021,ARIZONA COMMERCE AUTHORITY,21358207.8100,,
2023,CRIMINAL JUSTICE COMMISSION,16867299.4400,6295434.2000,37.32330846674054
2023,COMMISSION FOR DEAF AND HARD OF HEARING,3005190.1900,,
2023,COMPANION ANIMAL SPAY/NEUTER COMMITTEE,464842.8400,,
2024,GAME AND FISH DEPARTMENT,154764287.3300,45021478.2100,29.09035345732044
2024,AHCCCS,19026516273.0600,15903581889.6700,83.58640994194076
2024,OFFICE OF ADMINISTRATIVE HEARINGS,1009659.3400,,
2024,LOTTERY COMMISSION,747453188.5500,,
2024,LEGISLATIVE COUNCIL,108256.0500,,
2024,NATUROPATHIC PHYSICIANS MEDICAL BOARD,381306.1800,,
2024,NORTHERN ARIZONA UNIVERSITY,4987863.4200,,
2025,DEPT OF HEALTH SERVICES,598341296.3600,412832339.1700,68.99613008185447
2025,BOARD OF ACCOUNTANCY,1999313.8200,,
2025,PIONEERS' HOME,14573785.2600,,
2025,PUBLIC SAFETY PERSONNEL RETIREMENT SYSTEM,19837242.6000,,
2025,RETIREE ACCUMULATED SICK LEAVE,21679532.6000,,
2025,BOARD OF HOMEOPATHIC EXAMINERS,64869.4200,,
2025,BOARD OF FINGERPRINTING,863160.0000,,
2025,COMMISSION ON THE ARTS,4645919.3300,1154296.0000,24.845373283741456
2016,BOARD OF HOMEOPATHIC EXAMINERS,85050.0000,,
2016,COMMISSION ON THE ARTS,2438496.1300,797900.0000,32.72098693058004
2016,BOARD OF FINGERPRINTING,878878.0000,,
2020,DEPT OF INSURANCE AND FINANCIAL INSTITUTIONS,73469296.0400,,
2023,AUDITOR GENERAL,1781410.0000,,
2025,PARENTS COMMISSION DRUG EDU,4629900.8100,,
2021,ARIZONA STATE UNIVERSITY,58945094.3500,,
2023,AFRICAN-AMERICAN AFFAIRS,5000.0000,,
2017,BOARD OF EQUALIZATION,8610.3600,,
