agency,fiscal_year,hv_txn,hv_exposure,n_tier1,usd_tier1,n_tier12,usd_tier12,tier12_pct_of_hv,avg_risk_score
AHCCCS,2016,6368,13279618101,0,,5,4467979,0.03,0.1
AHCCCS,2017,7460,14479883827,1,1565167,41,13153182,0.09,0.13
AHCCCS,2018,8304,15540873072,1,1571877,11,5320868,0.03,0.089
AHCCCS,2019,8281,16179726724,3,5549270,10,6540870,0.04,0.08
AHCCCS,2020,8266,17446642105,4,10749655,9,16938087,0.1,0.073
AHCCCS,2021,8832,21495587179,4,13137699,22,29119683,0.14,0.126
AHCCCS,2023,13225,28318166411,10,27691879,50,35560577,0.13,0.074
AHCCCS,2024,10620,27756899274,16,107038871,70,135124998,0.49,0.135
AHCCCS,2025,10205,28731133174,6,23670259,38,35464094,0.12,0.158
ARIZONA COMMERCE AUTHORITY,2016,24,119058302,0,,2,3000000,2.52,0.35
ARIZONA COMMERCE AUTHORITY,2017,20,23300000,0,,2,7000000,30.04,0.7
ARIZONA COMMERCE AUTHORITY,2018,18,17000000,0,,1,1500000,8.82,0.233
ARIZONA COMMERCE AUTHORITY,2019,25,26921000,0,,0,,,0.0
ARIZONA COMMERCE AUTHORITY,2020,35,25300000,0,,0,,,0.0
ARIZONA COMMERCE AUTHORITY,2021,29,25847864,0,,1,1500000,5.8,0.338
ARIZONA COMMERCE AUTHORITY,2023,48,129370094,0,,0,,,0.0
ARIZONA COMMERCE AUTHORITY,2024,60,147640000,0,,0,,,0.0
ARIZONA COMMERCE AUTHORITY,2025,32,14664947,0,,0,,,0.0
ARIZONA FINANCE AUTHORITY,2017,59,95200493,0,,0,,,0.0
ARIZONA FINANCE AUTHORITY,2018,67,234098967,0,,0,,,0.0
ARIZONA FINANCE AUTHORITY,2019,65,100464822,0,,0,,,0.0
ARIZONA FINANCE AUTHORITY,2020,95,163360937,0,,0,,,0.0
ARIZONA FINANCE AUTHORITY,2021,103,367477575,0,,0,,,0.0
ARIZONA FINANCE AUTHORITY,2023,91,127040304,0,,0,,,0.0
ARIZONA HISTORICAL SOCIETY,2016,4,731833,0,,0,,,2.8
ARIZONA HISTORICAL SOCIETY,2017,7,1202605,0,,0,,,1.4
ARIZONA HISTORICAL SOCIETY,2018,1,414500,0,,0,,,5.6
ARIZONA HISTORICAL SOCIETY,2019,4,1405045,0,,0,,,1.4
ARIZONA HISTORICAL SOCIETY,2020,1,448600,0,,0,,,5.6
ARIZONA HISTORICAL SOCIETY,2021,5,2464641,0,,0,,,1.12
ARIZONA HISTORICAL SOCIETY,2023,1,123650,0,,0,,,5.6
ARIZONA STATE RETIREMENT SYSTEM (ASRS),2016,117,50553510,12,21385030,75,43634592,86.31,4.247
ARIZONA STATE RETIREMENT SYSTEM (ASRS),2017,123,54196362,13,23532174,83,48379652,89.27,4.537
ARIZONA STATE RETIREMENT SYSTEM (ASRS),2018,127,55511324,12,22920166,82,46862624,84.42,4.528
ARIZONA STATE RETIREMENT SYSTEM (ASRS),2019,113,53277204,12,22952808,72,45015574,84.49,4.241
ARIZONA STATE RETIREMENT SYSTEM (ASRS),2020,127,54046751,12,21428086,77,43564403,80.61,4.009
ARIZONA STATE RETIREMENT SYSTEM (ASRS),2021,115,49833579,12,19560220,76,40885612,82.04,4.84
ARIZONA STATE RETIREMENT SYSTEM (ASRS),2023,148,50281553,12,16265024,77,36450953,72.49,3.947
ARIZONA STATE RETIREMENT SYSTEM (ASRS),2024,143,59364078,21,26513751,89,49523809,83.42,3.978
ARIZONA STATE RETIREMENT SYSTEM (ASRS),2025,121,41627491,12,13854752,68,31602964,75.92,3.872
ARIZONA STATE UNIVERSITY,2016,126,1005204671,0,,1,6360250,0.63,0.578
ARIZONA STATE UNIVERSITY,2017,125,971469984,0,,0,,,0.0
ARIZONA STATE UNIVERSITY,2018,149,999327711,0,,0,,,0.0
ARIZONA STATE UNIVERSITY,2019,82,330719900,0,,0,,,0.0
ARIZONA STATE UNIVERSITY,2020,87,341229015,0,,0,,,0.0
ARIZONA STATE UNIVERSITY,2021,76,370029630,0,,0,,,0.0
ARIZONA STATE UNIVERSITY,2023,89,561511186,0,,1,4500000,0.8,0.047
ARIZONA STATE UNIVERSITY,2024,63,409764126,0,,0,,,0.0
ARIZONA STATE UNIVERSITY,2025,63,407700450,0,,0,,,0.0
ATTORNEY GENERAL (DEPT OF LAW),2016,133,60571186,0,,5,5322127,8.79,0.996
ATTORNEY GENERAL (DEPT OF LAW),2017,133,43573022,0,,6,5663712,13.0,0.765
ATTORNEY GENERAL (DEPT OF LAW),2018,161,57792799,2,6387500,5,9554115,16.53,0.666
ATTORNEY GENERAL (DEPT OF LAW),2019,137,39431511,2,12053858,4,14851690,37.66,0.374
ATTORNEY GENERAL (DEPT OF LAW),2020,161,55141884,2,3349500,3,4862800,8.82,0.348
ATTORNEY GENERAL (DEPT OF LAW),2021,150,33407718,3,6231676,7,9409306,28.17,0.611
ATTORNEY GENERAL (DEPT OF LAW),2023,214,57016454,2,4570500,16,10448660,18.33,0.836
ATTORNEY GENERAL (DEPT OF LAW),2024,205,127975227,1,1735500,4,6153335,4.81,0.602
ATTORNEY GENERAL (DEPT OF LAW),2025,242,108260516,1,2002500,4,4829045,4.46,0.272
AUDITOR GENERAL,2016,34,8460307,0,,0,,,0.403
AUDITOR GENERAL,2017,33,8283288,0,,0,,,0.648
AUDITOR GENERAL,2018,32,8058646,0,,0,,,0.494
AUDITOR GENERAL,2019,55,9465641,0,,0,,,0.076
AUDITOR GENERAL,2020,52,9550261,0,,0,,,0.081
AUDITOR GENERAL,2021,50,8818569,0,,0,,,0.112
AUDITOR GENERAL,2023,43,7930604,0,,0,,,0.0
AUDITOR GENERAL,2024,57,9606045,0,,0,,,0.079
AUDITOR GENERAL,2025,56,9726727,0,,0,,,0.402
AUTOMOBILE THEFT AUTHORITY,2016,4,3650000,0,,0,,,0.0
AUTOMOBILE THEFT AUTHORITY,2017,4,3650000,0,,0,,,0.0
AUTOMOBILE THEFT AUTHORITY,2018,4,3650000,0,,0,,,0.0
AUTOMOBILE THEFT AUTHORITY,2019,5,4562500,0,,0,,,0.0
AUTOMOBILE THEFT AUTHORITY,2020,4,3650000,0,,0,,,0.0
BARBERING AND COSMETOLOGY BOARD,2023,1,307885,0,,0,,,5.6
BARBERING AND COSMETOLOGY BOARD,2024,2,12395110,0,,0,,,0.0
BARBERING AND COSMETOLOGY BOARD,2025,2,319727,0,,0,,,1.05
BOARD FOR CHARTER SCHOOLS,2020,1,103700,0,,0,,,5.6
BOARD FOR CHARTER SCHOOLS,2021,1,103700,0,,0,,,5.6
BOARD FOR CHARTER SCHOOLS,2023,1,100900,0,,0,,,5.6
BOARD FOR PRIVATE POSTSECONDARY EDU,2016,4,600000,0,,0,,,0.0
BOARD OF ACCOUNTANCY,2016,1,113200,0,,0,,,5.6
BOARD OF ACCOUNTANCY,2017,1,112200,0,,0,,,5.6
BOARD OF ACCOUNTANCY,2018,1,113000,0,,0,,,5.6
BOARD OF ACCOUNTANCY,2019,1,116500,0,,0,,,5.6
BOARD OF ACCOUNTANCY,2020,2,368600,0,,1,250000,67.82,5.8
BOARD OF ACCOUNTANCY,2021,1,120600,0,,0,,,5.6
BOARD OF ACCOUNTANCY,2023,1,125900,0,,0,,,5.6
BOARD OF ACCOUNTANCY,2024,1,124300,0,,0,,,5.6
BOARD OF ACCOUNTANCY,2025,1,125700,0,,0,,,5.6
BOARD OF ATHLETIC TRAINING,2024,1,250000,0,,0,,,0.0
BOARD OF BEHAVIORAL HEALTH EXAMINERS,2024,1,4200000,0,,0,,,0.0
BOARD OF CHIROPRACTIC EXAMINERS,2024,1,500000,0,,0,,,0.0
BOARD OF COSMETOLOGY,2019,1,101600,0,,0,,,5.6
BOARD OF COSMETOLOGY,2020,1,124800,0,,0,,,5.6
BOARD OF COSMETOLOGY,2021,1,116200,0,,0,,,5.6
BOARD OF DENTAL EXAMINERS,2024,1,2000000,0,,0,,,0.0
BOARD OF EDUCATION,2016,1,103642,0,,0,,,2.1
BOARD OF EDUCATION,2019,2,213550,0,,1,107650,50.41,5.8
BOARD OF EDUCATION,2020,1,117300,0,,0,,,5.6
BOARD OF EDUCATION,2021,1,117000,0,,0,,,5.6
BOARD OF EDUCATION,2023,2,472900,0,,2,472900,100.0,6.0
BOARD OF EDUCATION,2024,3,613600,0,,2,512700,83.56,5.867
BOARD OF EDUCATION,2025,3,630800,0,,2,530000,84.02,5.867
BOARD OF EXECUTIVE CLEMENCY,2019,1,105900,0,,0,,,5.6
BOARD OF EXECUTIVE CLEMENCY,2020,1,117700,0,,0,,,5.6
BOARD OF EXECUTIVE CLEMENCY,2021,1,117700,0,,0,,,5.6
BOARD OF FINGERPRINTING,2024,1,1200000,0,,0,,,0.0
BOARD OF FUNERAL DIRECTORS AND EMBALMERS,2024,1,200000,0,,1,200000,100.0,11.2
BOARD OF FUNERAL DIRECTORS AND EMBALMERS,2025,2,949790,0,,0,,,0.0
BOARD OF MASSAGE THERAPY,2024,1,600000,0,,0,,,0.0
BOARD OF MEDICAL STUDENT LOANS,2024,3,6000000,0,,0,,,0.0
BOARD OF MEDICAL STUDENT LOANS,2025,6,603936,0,,0,,,0.0
BOARD OF NURSING,2017,2,493839,0,,1,167608,33.94,4.05
BOARD OF NURSING,2018,7,765530,0,,0,,,0.0
BOARD OF NURSING,2019,1,182882,0,,0,,,5.6
BOARD OF NURSING,2020,1,152640,0,,0,,,5.6
BOARD OF NURSING,2021,1,152640,0,,0,,,5.6
BOARD OF NURSING,2023,27,3078106,0,,1,104167,3.38,0.874
BOARD OF NURSING,2024,36,15459039,0,,1,107730,0.7,0.531
BOARD OF NURSING,2025,78,22284635,1,1933648,5,3372985,15.14,0.514
BOARD OF OCCUPATIONAL THERAPY EXAMINERS,2024,1,900000,0,,0,,,0.0
BOARD OF OPTOMETRY,2024,1,387100,0,,0,,,0.0
BOARD OF OSTEOPATHIC EXAMINERS,2024,1,2800000,0,,0,,,0.0
BOARD OF PHARMACY,2016,3,588595,0,,0,,,1.867
BOARD OF PHARMACY,2017,4,1138595,0,,0,,,2.45
BOARD OF PHARMACY,2018,6,1667800,0,,2,725000,43.47,5.367
BOARD OF PHARMACY,2019,6,2393547,0,,0,,,2.8
BOARD OF PHARMACY,2020,5,1743498,0,,0,,,2.24
BOARD OF PHARMACY,2021,5,1762700,0,,0,,,2.24
BOARD OF PHARMACY,2023,3,2250000,0,,0,,,0.0
BOARD OF PHARMACY,2024,4,8550000,0,,0,,,0.0
BOARD OF PHARMACY,2025,1,750000,0,,0,,,5.6
BOARD OF PHYSICAL THERAPY,2024,1,680000,0,,0,,,0.0
BOARD OF PSYCHOLOGIST EXAMINERS,2024,2,1800000,0,,0,,,0.0
BOARD OF REGENTS,2016,120,179704104,0,,0,,,0.035
BOARD OF REGENTS,2017,127,229600806,0,,0,,,0.033
BOARD OF REGENTS,2018,107,231311519,0,,0,,,0.14
BOARD OF REGENTS,2019,96,197515287,0,,0,,,0.072
BOARD OF REGENTS,2020,119,219673629,0,,0,,,0.035
BOARD OF REGENTS,2021,118,234763651,0,,0,,,0.036
BOARD OF REGENTS,2023,173,345341469,0,,0,,,0.076
BOARD OF REGENTS,2024,235,470743594,0,,0,,,0.098
BOARD OF REGENTS,2025,203,386148006,0,,0,,,0.048
BOARD OF TECHNICAL REGISTRATION,2016,2,286500,0,,0,,,5.2
BOARD OF TECHNICAL REGISTRATION,2017,2,432745,0,,0,,,2.8
BOARD OF TECHNICAL REGISTRATION,2018,1,174100,0,,0,,,5.6
BOARD OF TECHNICAL REGISTRATION,2019,1,179000,0,,0,,,5.6
BOARD OF TECHNICAL REGISTRATION,2020,1,182200,0,,0,,,5.6
BOARD OF TECHNICAL REGISTRATION,2021,1,184100,0,,0,,,5.6
BOARD OF TECHNICAL REGISTRATION,2023,3,510515,0,,0,,,3.467
BOARD OF TECHNICAL REGISTRATION,2024,2,5797700,0,,0,,,2.8
BOARD OF TECHNICAL REGISTRATION,2025,2,339022,0,,0,,,2.8
CITIZENS CLEAN ELECTION COMMISSION,2016,2,283922,0,,2,283922,100.0,6.0
CITIZENS CLEAN ELECTION COMMISSION,2017,17,2923571,0,,6,1046642,35.8,2.118
CITIZENS CLEAN ELECTION COMMISSION,2018,8,978616,0,,2,284721,29.09,2.2
CITIZENS CLEAN ELECTION COMMISSION,2019,16,3020461,0,,0,,,1.194
CITIZENS CLEAN ELECTION COMMISSION,2020,6,1119454,0,,0,,,0.75
CITIZENS CLEAN ELECTION COMMISSION,2021,18,3298875,0,,5,817034,24.77,1.667
CITIZENS CLEAN ELECTION COMMISSION,2023,13,3183881,0,,3,406653,12.77,2.077
CITIZENS CLEAN ELECTION COMMISSION,2024,11,1814242,0,,1,194187,10.7,2.827
CITIZENS CLEAN ELECTION COMMISSION,2025,29,5507155,0,,0,,,3.041
COMMISSION FOR DEAF AND HARD OF HEARING,2016,2,332737,0,,0,,,4.2
COMMISSION FOR DEAF AND HARD OF HEARING,2017,1,215300,0,,0,,,5.6
COMMISSION FOR DEAF AND HARD OF HEARING,2018,1,216800,0,,0,,,5.6
COMMISSION FOR DEAF AND HARD OF HEARING,2019,1,223600,0,,0,,,5.6
COMMISSION FOR DEAF AND HARD OF HEARING,2020,1,227600,0,,0,,,5.6
COMMISSION FOR DEAF AND HARD OF HEARING,2021,1,231400,0,,0,,,5.6
COMMISSION FOR DEAF AND HARD OF HEARING,2023,1,241600,0,,0,,,5.6
COMMISSION FOR DEAF AND HARD OF HEARING,2024,1,238600,0,,0,,,5.6
COMMISSION FOR DEAF AND HARD OF HEARING,2025,1,241300,0,,0,,,5.6
COMMISSION FOR POSTSECONDARY EDUCATION,2016,8,1140330,0,,0,,,0.0
COMMISSION FOR POSTSECONDARY EDUCATION,2017,11,1683013,0,,1,100000,5.94,0.545
COMMISSION FOR POSTSECONDARY EDUCATION,2018,10,1685475,0,,0,,,0.0
COMMISSION FOR POSTSECONDARY EDUCATION,2019,11,1881639,0,,0,,,0.0
COMMISSION FOR POSTSECONDARY EDUCATION,2020,11,2082511,0,,0,,,0.0
COMMISSION FOR POSTSECONDARY EDUCATION,2021,13,2460461,0,,0,,,0.0
COMMISSION ON THE ARTS,2020,1,200000,0,,0,,,0.0
COMMISSION ON THE ARTS,2023,5,5100000,0,,0,,,0.0
COMMISSION ON THE ARTS,2024,6,5252121,0,,0,,,0.35
COMMISSION ON THE ARTS,2025,6,2256000,0,,0,,,0.35
COMPANION ANIMAL SPAY/NEUTER COMMITTEE,2019,1,105890,0,,0,,,0.0
COMPANION ANIMAL SPAY/NEUTER COMMITTEE,2020,1,432165,0,,0,,,4.2
COMPANION ANIMAL SPAY/NEUTER COMMITTEE,2021,1,450000,0,,0,,,5.6
CORPORATION COMMISSION,2016,43,10362468,0,,0,,,0.456
CORPORATION COMMISSION,2017,38,8326289,0,,0,,,0.353
CORPORATION COMMISSION,2018,42,9986691,0,,1,148843,1.49,0.41
CORPORATION COMMISSION,2019,53,42749466,0,,0,,,0.211
CORPORATION COMMISSION,2020,69,29836015,0,,0,,,0.771
CORPORATION COMMISSION,2021,56,25706606,0,,0,,,0.45
CORPORATION COMMISSION,2023,73,34959418,0,,1,144371,0.41,0.548
CORPORATION COMMISSION,2024,75,66751159,0,,1,262498,0.39,0.611
CORPORATION COMMISSION,2025,97,30788452,0,,4,740948,2.41,1.111
COTTON RESEARCH AND PROTECTION COUNCIL,2016,2,242273,0,,2,242273,100.0,6.0
COTTON RESEARCH AND PROTECTION COUNCIL,2019,4,607554,0,,0,,,1.575
COTTON RESEARCH AND PROTECTION COUNCIL,2020,2,220289,0,,0,,,2.1
COTTON RESEARCH AND PROTECTION COUNCIL,2021,3,432710,0,,0,,,2.7
COTTON RESEARCH AND PROTECTION COUNCIL,2023,3,809013,0,,0,,,3.5
COTTON RESEARCH AND PROTECTION COUNCIL,2024,1,155701,0,,0,,,2.1
COTTON RESEARCH AND PROTECTION COUNCIL,2025,2,296808,0,,0,,,2.1
COURT OF APPEALS,2016,27,6892370,0,,0,,,0.0
COURT OF APPEALS,2017,26,6478320,0,,0,,,0.0
COURT OF APPEALS,2018,26,6860849,0,,0,,,0.0
COURT OF APPEALS,2019,26,6890021,0,,0,,,0.0
COURT OF APPEALS,2020,28,7308697,0,,0,,,0.2
COURT OF APPEALS,2021,30,7933805,0,,0,,,0.07
COURT OF APPEALS,2023,31,9731797,0,,0,,,0.0
COURT OF APPEALS,2024,29,9863079,0,,0,,,0.072
COURT OF APPEALS,2025,27,8883730,0,,1,110150,1.24,0.222
COURT OF APPEALS DIV II,2016,21,2502849,0,,0,,,0.267
COURT OF APPEALS DIV II,2017,26,3043160,0,,0,,,0.215
COURT OF APPEALS DIV II,2018,22,2613493,0,,0,,,0.255
COURT OF APPEALS DIV II,2019,27,3235660,0,,0,,,0.207
COURT OF APPEALS DIV II,2020,27,3369141,0,,0,,,0.207
COURT OF APPEALS DIV II,2021,28,3594433,0,,0,,,0.2
COURT OF APPEALS DIV II,2023,30,4902228,0,,0,,,0.187
COURT OF APPEALS DIV II,2024,28,5194714,0,,0,,,0.2
COURT OF APPEALS DIV II,2025,25,4861896,0,,0,,,0.224
CRIMINAL JUSTICE COMMISSION,2016,32,10885299,0,,0,,,0.0
CRIMINAL JUSTICE COMMISSION,2017,24,6348786,0,,0,,,0.0
CRIMINAL JUSTICE COMMISSION,2018,30,7406518,0,,0,,,0.0
CRIMINAL JUSTICE COMMISSION,2019,31,5904659,0,,0,,,0.145
CRIMINAL JUSTICE COMMISSION,2020,25,5122657,0,,0,,,0.168
CRIMINAL JUSTICE COMMISSION,2021,36,6534955,0,,0,,,0.0
CRIMINAL JUSTICE COMMISSION,2023,67,17162321,0,,0,,,0.0
CRIMINAL JUSTICE COMMISSION,2024,50,21561231,0,,0,,,0.0
CRIMINAL JUSTICE COMMISSION,2025,50,15946713,0,,14,5373704,33.7,2.79
DEPT OF ADMINISTRATION,2016,1027,1403502631,10,23705008,51,142997410,10.19,1.193
DEPT OF ADMINISTRATION,2017,1105,1297726169,1,1853285,42,120132659,9.26,1.084
DEPT OF ADMINISTRATION,2018,1156,1345465394,4,9108075,62,157764788,11.73,1.39
DEPT OF ADMINISTRATION,2019,1146,1212560555,3,4029892,27,113131941,9.33,0.848
DEPT OF ADMINISTRATION,2020,1320,1457704747,1,6500000,24,125775202,8.63,0.829
DEPT OF ADMINISTRATION,2021,1141,1832474425,1,5400000,25,72183705,3.94,0.723
DEPT OF ADMINISTRATION,2023,1570,1969171044,7,11789486,49,31343808,1.59,0.725
DEPT OF ADMINISTRATION,2024,2104,2345394376,8,10169000,41,37838503,1.61,0.556
DEPT OF ADMINISTRATION,2025,1946,2408433559,5,8432778,40,128907854,5.35,0.651
DEPT OF AGRICULTURE,2016,4,815594,0,,0,,,3.325
DEPT OF AGRICULTURE,2017,7,1178805,0,,0,,,3.0
DEPT OF AGRICULTURE,2018,8,1459348,0,,0,,,3.763
DEPT OF AGRICULTURE,2019,10,1617442,0,,0,,,2.1
DEPT OF AGRICULTURE,2020,15,2516703,0,,0,,,1.467
DEPT OF AGRICULTURE,2021,21,2781025,0,,0,,,0.533
DEPT OF AGRICULTURE,2023,43,15484364,0,,0,,,0.786
DEPT OF AGRICULTURE,2024,38,6149648,0,,0,,,1.2
DEPT OF AGRICULTURE,2025,29,8406704,0,,1,3704183,44.06,1.159
DEPT OF CHILD SAFETY,2016,2018,1299098731,3,17487017,34,27370856,2.11,0.306
DEPT OF CHILD SAFETY,2017,2011,988137116,0,,34,10247543,1.04,0.359
DEPT OF CHILD SAFETY,2018,2109,1170708680,0,,5,3654048,0.31,0.186
DEPT OF CHILD SAFETY,2019,1659,1037241299,0,,6,6401704,0.62,0.209
DEPT OF CHILD SAFETY,2020,2128,1348050098,1,1376328,18,18007174,1.34,0.562
DEPT OF CHILD SAFETY,2021,1374,898263937,2,2309818,16,7879038,0.88,0.302
DEPT OF CHILD SAFETY,2023,1666,1187090460,8,12166972,50,31668245,2.67,0.643
DEPT OF CHILD SAFETY,2024,1549,1608648746,1,3433814,41,36057678,2.24,0.51
DEPT OF CHILD SAFETY,2025,1522,1243420269,0,,50,29849903,2.4,0.583
DEPT OF CORRECTIONS,2016,2148,651687139,4,14871947,77,86403651,13.26,0.711
DEPT OF CORRECTIONS,2017,2100,657621967,2,5960066,62,86733444,13.19,0.629
DEPT OF CORRECTIONS,2018,2002,644475796,5,5636006,96,92128394,14.3,0.761
DEPT OF CORRECTIONS,2019,1958,786177280,1,1500000,37,77123309,9.81,0.699
DEPT OF CORRECTIONS,2020,2366,1117497824,19,95990160,108,191536069,17.14,1.071
DEPT OF CORRECTIONS,2021,2084,897120481,5,16803826,106,136751536,15.24,0.919
DEPT OF CORRECTIONS,2023,2247,1081603534,37,295567401,135,387396886,35.82,0.864
DEPT OF CORRECTIONS,2024,2265,1258316359,30,384232355,92,492242049,39.12,0.712
DEPT OF CORRECTIONS,2025,2511,1290074880,39,384894384,229,563774544,43.7,1.095
DEPT OF ECONOMIC SECURITY,2016,4755,3084881092,5,7757469,61,51438662,1.67,0.384
DEPT OF ECONOMIC SECURITY,2017,4696,2536461597,6,9414900,98,68645655,2.71,0.403
DEPT OF ECONOMIC SECURITY,2018,4843,2334608220,2,2977440,47,52033959,2.23,0.322
DEPT OF ECONOMIC SECURITY,2019,4926,2627034320,0,,30,83616342,3.18,0.219
DEPT OF ECONOMIC SECURITY,2020,5935,4108267668,3,5214689,28,68269654,1.66,0.23
DEPT OF ECONOMIC SECURITY,2021,6700,4347542033,10,15987228,116,114191722,2.63,0.437
DEPT OF ECONOMIC SECURITY,2023,8620,6102207740,12,36147382,103,129357905,2.12,0.28
DEPT OF ECONOMIC SECURITY,2024,11609,7830006829,4,13575245,81,124174167,1.59,0.2
DEPT OF ECONOMIC SECURITY,2025,10139,7017664775,6,16449120,94,147202555,2.1,0.206
DEPT OF EDUCATION,2016,2583,3882243934,0,,10,4399503,0.11,0.081
DEPT OF EDUCATION,2017,2668,3312516800,0,,16,6931413,0.21,0.115
DEPT OF EDUCATION,2018,2514,2772089236,0,,13,6613276,0.24,0.08
DEPT OF EDUCATION,2019,2607,3362898929,3,4918076,18,14513537,0.43,0.079
DEPT OF EDUCATION,2020,2836,4291319534,2,6948600,22,18378383,0.43,0.108
DEPT OF EDUCATION,2021,3300,4579960299,1,1000000,26,13476109,0.29,0.09
DEPT OF EDUCATION,2023,4567,6741800209,20,56696416,63,76902892,1.14,0.171
DEPT OF EDUCATION,2024,4407,6716792392,19,40143409,59,55278719,0.82,0.184
DEPT OF EDUCATION,2025,4002,7196746245,13,34262918,56,49814680,0.69,0.169
DEPT OF EMERGENCY AND MILITARY AFFAIRS,2016,142,61613521,1,1277750,6,1807662,2.93,0.639
DEPT OF EMERGENCY AND MILITARY AFFAIRS,2017,98,22654756,0,,0,,,0.646
DEPT OF EMERGENCY AND MILITARY AFFAIRS,2018,102,27374040,0,,5,1270379,4.64,1.275
DEPT OF EMERGENCY AND MILITARY AFFAIRS,2019,98,22402851,0,,6,1405048,6.27,1.236
DEPT OF EMERGENCY AND MILITARY AFFAIRS,2020,110,29492534,0,,1,300000,1.02,0.935
DEPT OF EMERGENCY AND MILITARY AFFAIRS,2021,157,115813175,2,2121000,9,3459381,2.99,1.568
DEPT OF EMERGENCY AND MILITARY AFFAIRS,2023,263,454912664,20,206777645,35,312415761,68.68,2.35
DEPT OF EMERGENCY AND MILITARY AFFAIRS,2024,196,63208180,1,3696003,16,9506369,15.04,1.503
DEPT OF EMERGENCY AND MILITARY AFFAIRS,2025,347,714373593,1,1021003,6,3385559,0.47,0.524
DEPT OF ENVIRONMENTAL QUALITY,2016,118,52452954,0,,9,4785346,9.12,0.997
DEPT OF ENVIRONMENTAL QUALITY,2017,194,56910412,0,,5,792977,1.39,0.597
DEPT OF ENVIRONMENTAL QUALITY,2018,165,76682610,0,,15,3354632,4.37,1.24
DEPT OF ENVIRONMENTAL QUALITY,2019,189,71545016,0,,8,1949133,2.72,0.795
DEPT OF ENVIRONMENTAL QUALITY,2020,260,73983851,0,,13,2735919,3.7,0.649
DEPT OF ENVIRONMENTAL QUALITY,2021,268,61714831,0,,6,1863948,3.02,0.414
DEPT OF ENVIRONMENTAL QUALITY,2023,206,57759377,0,,10,2809432,4.86,0.798
DEPT OF ENVIRONMENTAL QUALITY,2024,226,94478243,0,,8,3563649,3.77,0.552
DEPT OF ENVIRONMENTAL QUALITY,2025,408,103856937,0,,11,3104821,2.99,0.407
DEPT OF FINANCIAL INSTITUTIONS,2016,2,764881,0,,0,,,0.0
DEPT OF FINANCIAL INSTITUTIONS,2017,1,116047,0,,0,,,0.0
DEPT OF FINANCIAL INSTITUTIONS,2018,3,5973191,0,,0,,,0.0
DEPT OF FINANCIAL INSTITUTIONS,2019,8,3005506,0,,1,100000,3.33,2.713
DEPT OF FINANCIAL INSTITUTIONS,2020,3,747767,0,,0,,,3.733
DEPT OF FORESTRY AND FIRE MANAGEMENT,2016,54,17541146,0,,2,237596,1.35,0.485
DEPT OF FORESTRY AND FIRE MANAGEMENT,2017,63,26996098,0,,0,,,0.225
DEPT OF FORESTRY AND FIRE MANAGEMENT,2018,57,17071982,0,,0,,,0.393
DEPT OF FORESTRY AND FIRE MANAGEMENT,2019,71,23323720,0,,0,,,0.269
DEPT OF FORESTRY AND FIRE MANAGEMENT,2020,65,21325514,0,,0,,,0.311
DEPT OF FORESTRY AND FIRE MANAGEMENT,2021,69,20414182,0,,1,104153,0.51,0.329
DEPT OF FORESTRY AND FIRE MANAGEMENT,2023,184,69022332,0,,7,2213347,3.21,0.605
DEPT OF FORESTRY AND FIRE MANAGEMENT,2024,217,85387492,1,1705845,8,7425178,8.7,1.098
DEPT OF FORESTRY AND FIRE MANAGEMENT,2025,257,87555471,2,3411689,17,7600881,8.68,1.221
DEPT OF GAMING,2016,37,6774388,0,,2,486561,7.18,1.114
DEPT OF GAMING,2017,43,7653787,0,,3,1051725,13.74,1.484
DEPT OF GAMING,2018,37,6783538,0,,0,,,1.059
DEPT OF GAMING,2019,37,7186235,0,,0,,,0.908
DEPT OF GAMING,2020,18,93591011,0,,0,,,0.0
DEPT OF GAMING,2021,21,89461176,0,,0,,,0.0
DEPT OF GAMING,2023,65,170955185,0,,0,,,0.732
DEPT OF GAMING,2024,49,160279120,0,,1,136320,0.09,0.857
DEPT OF GAMING,2025,56,165904670,0,,5,1078312,0.65,2.514
DEPT OF HEALTH SERVICES,2016,1811,3180413236,0,,49,86007245,2.7,0.413
DEPT OF HEALTH SERVICES,2017,818,361454418,4,5457076,35,26571778,7.35,0.591
DEPT OF HEALTH SERVICES,2018,833,239460690,1,1137239,21,10717262,4.48,0.537
DEPT OF HEALTH SERVICES,2019,730,213926086,0,,23,12648947,5.91,0.493
DEPT OF HEALTH SERVICES,2020,1022,338922667,1,3169009,22,30166342,8.9,0.657
DEPT OF HEALTH SERVICES,2021,1826,958729321,50,201261159,323,374277080,39.04,2.687
DEPT OF HEALTH SERVICES,2023,1244,490306650,14,21179844,162,88042386,17.96,1.357
DEPT OF HEALTH SERVICES,2024,1262,5172488866,7,11003429,49,30726090,0.59,0.655
DEPT OF HEALTH SERVICES,2025,1178,424572068,3,4311032,53,22610913,5.33,0.831
DEPT OF HOMELAND SECURITY,2016,24,3869630,0,,0,,,0.0
DEPT OF HOMELAND SECURITY,2017,29,4130095,0,,0,,,0.0
DEPT OF HOMELAND SECURITY,2018,17,2445594,0,,0,,,0.0
DEPT OF HOMELAND SECURITY,2019,19,2461032,0,,0,,,0.0
DEPT OF HOMELAND SECURITY,2020,39,6781456,0,,0,,,0.0
DEPT OF HOMELAND SECURITY,2021,33,6099417,0,,0,,,0.0
DEPT OF HOMELAND SECURITY,2023,93,24914528,3,4543109,19,10778032,43.26,2.322
DEPT OF HOMELAND SECURITY,2024,119,52436405,0,,4,3523009,6.72,1.1
DEPT OF HOMELAND SECURITY,2025,110,30770377,0,,2,3181500,10.34,0.641
DEPT OF HOUSING,2016,89,30759415,0,,0,,,0.126
DEPT OF HOUSING,2017,109,33837319,0,,0,,,0.051
DEPT OF HOUSING,2018,108,16031151,0,,0,,,0.052
DEPT OF HOUSING,2019,134,26082336,0,,0,,,0.064
DEPT OF HOUSING,2020,182,54502385,0,,0,,,0.031
DEPT OF HOUSING,2021,262,49515294,0,,4,764612,1.54,0.21
DEPT OF HOUSING,2023,382,164061521,0,,0,,,0.048
DEPT OF HOUSING,2024,493,364982886,1,1096000,1,1096000,0.3,0.04
DEPT OF HOUSING,2025,575,185151982,0,,1,165000,0.09,0.057
DEPT OF INSURANCE,2016,4,790863,0,,1,154260,19.51,1.5
DEPT OF INSURANCE,2017,3,632766,0,,1,111300,17.59,2.0
DEPT OF INSURANCE,2018,2,458849,0,,1,111300,24.26,3.0
DEPT OF INSURANCE,2019,3,680927,0,,1,113600,16.68,3.867
DEPT OF INSURANCE,2020,3,736451,0,,1,108284,14.7,3.867
DEPT OF INSURANCE AND FINANCIAL INSTITUTIONS,2020,1,169372,0,,0,,,2.1
DEPT OF INSURANCE AND FINANCIAL INSTITUTIONS,2021,10,4730621,0,,1,124400,2.63,1.16
DEPT OF INSURANCE AND FINANCIAL INSTITUTIONS,2023,9,5288671,0,,0,,,0.233
DEPT OF INSURANCE AND FINANCIAL INSTITUTIONS,2024,14,35080302,0,,0,,,0.8
DEPT OF INSURANCE AND FINANCIAL INSTITUTIONS,2025,9,5468551,0,,0,,,0.311
DEPT OF JUVENILE CORRECTIONS,2016,65,15973531,0,,0,,,0.455
DEPT OF JUVENILE CORRECTIONS,2017,61,17730227,0,,0,,,1.336
DEPT OF JUVENILE CORRECTIONS,2018,72,16233792,0,,0,,,0.425
DEPT OF JUVENILE CORRECTIONS,2019,78,18036148,0,,0,,,0.215
DEPT OF JUVENILE CORRECTIONS,2020,84,18323076,0,,2,1180368,6.44,0.938
DEPT OF JUVENILE CORRECTIONS,2021,131,33625368,0,,3,1560736,4.64,0.989
DEPT OF JUVENILE CORRECTIONS,2023,97,25637631,0,,1,1500000,5.85,0.346
DEPT OF JUVENILE CORRECTIONS,2024,55,16699819,0,,1,1500000,8.98,0.538
DEPT OF JUVENILE CORRECTIONS,2025,52,14858697,0,,1,1500000,10.1,0.819
DEPT OF LIQUOR LICENSES AND CONTROL,2017,3,425160,0,,2,225000,52.92,6.0
DEPT OF LIQUOR LICENSES AND CONTROL,2018,1,129000,0,,0,,,4.2
DEPT OF LIQUOR LICENSES AND CONTROL,2019,1,140746,0,,0,,,0.0
DEPT OF LIQUOR LICENSES AND CONTROL,2020,1,140746,0,,0,,,0.0
DEPT OF LIQUOR LICENSES AND CONTROL,2021,3,443740,0,,0,,,3.733
DEPT OF LIQUOR LICENSES AND CONTROL,2023,6,4402901,0,,0,,,2.533
DEPT OF LIQUOR LICENSES AND CONTROL,2024,4,891228,0,,0,,,1.2
DEPT OF LIQUOR LICENSES AND CONTROL,2025,1,192337,0,,0,,,0.0
DEPT OF PUBLIC SAFETY,2016,667,332428801,0,,13,7456149,2.24,0.604
DEPT OF PUBLIC SAFETY,2017,735,348807553,4,7454342,24,18010755,5.16,0.759
DEPT OF PUBLIC SAFETY,2018,845,384166914,1,1641470,21,9628491,2.51,0.729
DEPT OF PUBLIC SAFETY,2019,814,439472328,0,,4,4593703,1.05,0.82
DEPT OF PUBLIC SAFETY,2020,852,504757198,2,3265395,8,11950816,2.37,1.063
DEPT OF PUBLIC SAFETY,2021,789,506658663,0,,19,16101829,3.18,1.072
DEPT OF PUBLIC SAFETY,2023,977,548432915,5,21334190,26,40680821,7.42,1.196
DEPT OF PUBLIC SAFETY,2024,984,505966718,1,2193837,25,27694286,5.47,0.91
DEPT OF PUBLIC SAFETY,2025,1102,495379014,1,2778656,38,21808241,4.4,1.058
DEPT OF REVENUE,2016,191,100247933,6,9253200,28,21782933,21.73,1.708
DEPT OF REVENUE,2017,60,41193891,0,,6,3091700,7.51,1.645
DEPT OF REVENUE,2018,76,33704818,0,,4,2762200,8.2,1.288
DEPT OF REVENUE,2019,54,14282642,0,,5,3347065,23.43,2.078
DEPT OF REVENUE,2020,66,16852374,0,,10,4379648,25.99,2.124
DEPT OF REVENUE,2021,75,18879867,0,,26,9448807,50.05,2.981
DEPT OF REVENUE,2023,138,35747176,0,,8,5974020,16.71,0.935
DEPT OF REVENUE,2024,155,70977951,5,14835978,24,36898114,51.99,1.929
DEPT OF REVENUE,2025,91,31040651,0,,9,7201085,23.2,1.641
DEPT OF TRANSPORTATION,2016,2678,2827143930,39,221830777,251,454879876,16.09,1.789
DEPT OF TRANSPORTATION,2017,2212,2528688390,25,122717975,209,261787865,10.35,2.242
DEPT OF TRANSPORTATION,2018,2127,2665902353,51,365461628,238,510404207,19.15,2.455
DEPT OF TRANSPORTATION,2019,2174,3606416179,17,40831989,97,470025345,13.03,0.889
DEPT OF TRANSPORTATION,2020,2267,3453953957,14,67261237,126,437272104,12.66,0.932
DEPT OF TRANSPORTATION,2021,2185,3208228018,36,132818046,190,224411590,6.99,2.213
DEPT OF TRANSPORTATION,2023,2466,3802126210,76,428981750,323,569373259,14.98,2.58
DEPT OF TRANSPORTATION,2024,2736,5241804349,77,580447962,269,765109523,14.6,2.244
DEPT OF TRANSPORTATION,2025,2747,4123629080,63,331187635,210,427566768,10.37,2.239
DEPT OF VETERANS SERVICES,2016,65,11043239,0,,1,691020,6.26,0.692
DEPT OF VETERANS SERVICES,2017,63,8416744,0,,0,,,1.243
DEPT OF VETERANS SERVICES,2018,59,7537945,0,,0,,,0.578
DEPT OF VETERANS SERVICES,2019,74,13045153,0,,5,3590123,27.52,1.458
DEPT OF VETERANS SERVICES,2020,136,55187895,0,,19,16977764,30.76,1.573
DEPT OF VETERANS SERVICES,2021,107,69701500,18,28327172,35,47258882,67.8,4.15
DEPT OF VETERANS SERVICES,2023,34,8148026,0,,5,724112,8.89,3.112
DEPT OF VETERANS SERVICES,2024,72,15504833,0,,2,636283,4.1,1.301
DEPT OF VETERANS SERVICES,2025,96,20605613,3,3087802,14,7143879,34.67,1.741
DEPT OF WATER RESOURCES,2016,23,8961313,1,2512000,11,6165522,68.8,5.104
DEPT OF WATER RESOURCES,2017,17,19293326,3,15580000,5,15894625,82.38,4.835
DEPT OF WATER RESOURCES,2018,28,15643768,1,2000000,4,4442291,28.4,1.711
DEPT OF WATER RESOURCES,2019,32,13764300,0,,2,1665945,12.1,1.544
DEPT OF WATER RESOURCES,2020,26,24618133,2,10770000,8,18548148,75.34,2.396
DEPT OF WATER RESOURCES,2021,36,42625071,5,16214775,16,23163113,54.34,4.436
DEPT OF WATER RESOURCES,2023,74,211629378,7,20690733,45,40043592,18.92,5.197
DEPT OF WATER RESOURCES,2024,62,29671979,2,10213852,9,12268111,41.35,2.716
DEPT OF WATER RESOURCES,2025,68,42861426,4,18636966,9,20479681,47.78,2.243
EARLY CHILDHOOD DEVELOP AND HEALTH BOARD,2016,251,98542993,0,,50,19723336,20.01,1.407
EARLY CHILDHOOD DEVELOP AND HEALTH BOARD,2017,243,98517353,0,,32,10291220,10.45,0.927
EARLY CHILDHOOD DEVELOP AND HEALTH BOARD,2018,240,80954817,0,,29,8537869,10.55,0.846
EARLY CHILDHOOD DEVELOP AND HEALTH BOARD,2019,266,92921591,0,,56,17066748,18.37,1.409
EARLY CHILDHOOD DEVELOP AND HEALTH BOARD,2020,297,100848653,0,,81,22557692,22.37,1.72
EARLY CHILDHOOD DEVELOP AND HEALTH BOARD,2021,222,80824964,0,,21,6132913,7.59,0.728
EARLY CHILDHOOD DEVELOP AND HEALTH BOARD,2023,282,155036705,0,,23,32141998,20.73,0.74
EARLY CHILDHOOD DEVELOP AND HEALTH BOARD,2024,322,214999688,4,34716341,26,40613841,18.89,0.744
EARLY CHILDHOOD DEVELOP AND HEALTH BOARD,2025,224,94945591,0,,23,5648046,5.95,0.675
EXPOSITION AND STATE FAIR BOARD,2016,23,4278110,0,,8,860000,20.1,5.165
EXPOSITION AND STATE FAIR BOARD,2017,20,3308903,0,,4,415000,12.54,3.335
EXPOSITION AND STATE FAIR BOARD,2018,28,4860795,0,,3,315000,6.48,2.15
EXPOSITION AND STATE FAIR BOARD,2019,25,4678029,0,,0,,,0.84
EXPOSITION AND STATE FAIR BOARD,2020,41,7992332,0,,0,,,1.51
EXPOSITION AND STATE FAIR BOARD,2021,1,221277,0,,0,,,0.0
EXPOSITION AND STATE FAIR BOARD,2023,55,18486227,0,,1,1309242,7.08,2.036
EXPOSITION AND STATE FAIR BOARD,2024,56,17295832,0,,0,,,0.989
EXPOSITION AND STATE FAIR BOARD,2025,58,12339648,0,,0,,,0.921
GAME AND FISH DEPARTMENT,2016,63,18536647,0,,4,921793,4.97,0.989
GAME AND FISH DEPARTMENT,2017,95,32192964,0,,6,896026,2.78,1.172
GAME AND FISH DEPARTMENT,2018,60,20759496,2,3147159,6,4810309,23.17,1.53
GAME AND FISH DEPARTMENT,2019,96,44471475,0,,4,2015120,4.53,0.965
GAME AND FISH DEPARTMENT,2020,91,32259631,1,1855000,8,12738730,39.49,0.919
GAME AND FISH DEPARTMENT,2021,63,31027259,0,,5,2124573,6.85,1.229
GAME AND FISH DEPARTMENT,2023,115,36008749,0,,6,1081776,3.0,1.787
GAME AND FISH DEPARTMENT,2024,116,31033627,0,,9,1664760,5.36,1.825
GAME AND FISH DEPARTMENT,2025,106,28617291,0,,13,2708444,9.46,2.029
GEOLOGICAL SURVEY,2016,1,165300,0,,0,,,5.6
GEOLOGICAL SURVEY,2017,2,324533,0,,0,,,0.0
GOVERNOR'S OFFICE,2016,57,20991090,0,,1,461881,2.2,0.4
GOVERNOR'S OFFICE,2017,63,10941408,0,,3,499406,4.56,0.711
GOVERNOR'S OFFICE,2018,56,19468110,0,,3,426856,2.19,0.8
GOVERNOR'S OFFICE,2019,49,11540201,0,,3,1000000,8.67,0.853
GOVERNOR'S OFFICE,2020,124,756384600,0,,5,1344689,0.18,0.456
GOVERNOR'S OFFICE,2021,601,1142450107,0,,1,103704,0.01,0.112
GOVERNOR'S OFFICE,2023,554,584623549,1,2686429,12,7828289,1.34,0.413
GOVERNOR'S OFFICE,2024,685,470652511,0,,5,1257707,0.27,0.149
GOVERNOR'S OFFICE,2025,676,486973330,1,2542922,8,4010597,0.82,0.144
GOVERNOR'S OFFICE OF HIGHWAY SAFETY,2016,6,947150,0,,0,,,0.0
GOVERNOR'S OFFICE OF HIGHWAY SAFETY,2017,6,741891,0,,0,,,0.0
GOVERNOR'S OFFICE OF HIGHWAY SAFETY,2018,8,1497413,0,,0,,,0.0
GOVERNOR'S OFFICE OF HIGHWAY SAFETY,2019,5,640600,0,,0,,,0.0
GOVERNOR'S OFFICE OF HIGHWAY SAFETY,2020,3,346670,0,,0,,,0.0
GOVERNOR'S OFFICE OF HIGHWAY SAFETY,2021,3,630655,0,,0,,,0.0
GOVERNOR'S OFFICE OF HIGHWAY SAFETY,2023,17,2482305,0,,0,,,0.0
GOVERNOR'S OFFICE OF HIGHWAY SAFETY,2024,3,544687,0,,0,,,0.0
GOVERNOR'S OFFICE OF HIGHWAY SAFETY,2025,6,686514,0,,0,,,0.0
HOUSE OF REPRESENTATIVES,2016,2,345501,0,,0,,,2.1
HOUSE OF REPRESENTATIVES,2017,1,145513,0,,0,,,0.0
HOUSE OF REPRESENTATIVES,2019,1,171041,0,,0,,,0.0
HOUSE OF REPRESENTATIVES,2020,1,106900,0,,0,,,5.6
HOUSE OF REPRESENTATIVES,2021,1,106900,0,,0,,,5.6
HOUSE OF REPRESENTATIVES,2023,13,4756519,0,,0,,,2.292
HOUSE OF REPRESENTATIVES,2024,20,3129428,0,,0,,,0.98
HOUSE OF REPRESENTATIVES,2025,19,3501515,0,,0,,,1.195
INDEPENDENT REDISTRICTING COMMISSION,2017,1,103907,0,,1,103907,100.0,6.0
INDEPENDENT REDISTRICTING COMMISSION,2021,2,224262,0,,2,224262,100.0,6.0
INDEPENDENT REDISTRICTING COMMISSION,2023,2,217114,0,,0,,,4.5
INDEPENDENT REDISTRICTING COMMISSION,2024,1,203000,0,,0,,,0.0
INDUSTRIAL COMMISSION,2016,19,7464216,1,3322187,2,3437650,46.06,3.705
INDUSTRIAL COMMISSION,2017,15,2256733,0,,2,277094,12.28,2.953
INDUSTRIAL COMMISSION,2018,21,3772649,0,,4,420347,11.14,3.962
INDUSTRIAL COMMISSION,2019,12,8704219,0,,0,,,2.567
INDUSTRIAL COMMISSION,2020,10,1299814,0,,0,,,2.94
INDUSTRIAL COMMISSION,2021,24,4180667,0,,10,2002867,47.91,4.6
INDUSTRIAL COMMISSION,2023,25,5908067,0,,1,311764,5.28,2.66
INDUSTRIAL COMMISSION,2024,56,26825686,1,1001335,3,1810496,6.75,1.414
INDUSTRIAL COMMISSION,2025,31,10280706,0,,3,474850,4.62,1.942
JOINT LEGISLATIVE BUDGET COMMITTEE,2024,1,107071,0,,0,,,0.0
JOINT LEGISLATIVE BUDGET COMMITTEE,2025,1,204600,0,,0,,,0.0
LAND DEPARTMENT,2016,12,6063148,0,,6,1820600,30.03,6.942
LAND DEPARTMENT,2017,13,6828078,0,,3,1096350,16.06,5.369
LAND DEPARTMENT,2018,16,5234741,0,,9,2227557,42.55,6.35
LAND DEPARTMENT,2019,17,6262807,0,,5,1000307,15.97,3.512
LAND DEPARTMENT,2020,19,7607422,0,,6,2924352,38.44,2.589
LAND DEPARTMENT,2021,21,7972370,0,,10,4749938,59.58,5.605
LAND DEPARTMENT,2023,15,6959873,0,,8,3595146,51.66,5.54
LAND DEPARTMENT,2024,16,40190620,0,,8,3649578,9.08,4.6
LAND DEPARTMENT,2025,17,14098254,1,7000000,10,10815098,76.71,7.165
LEGISLATIVE COUNCIL,2016,7,1116474,0,,0,,,1.2
LEGISLATIVE COUNCIL,2017,10,1365909,0,,0,,,0.84
LEGISLATIVE COUNCIL,2018,11,1487773,0,,0,,,0.764
LEGISLATIVE COUNCIL,2019,13,1600018,0,,0,,,0.0
LEGISLATIVE COUNCIL,2020,13,1647293,0,,0,,,0.323
LEGISLATIVE COUNCIL,2021,20,2582988,0,,0,,,0.21
LEGISLATIVE COUNCIL,2023,32,5625234,0,,0,,,0.459
LEGISLATIVE COUNCIL,2024,31,5723137,0,,0,,,0.135
LEGISLATIVE COUNCIL,2025,38,12228461,0,,3,3899216,31.89,1.732
LOTTERY COMMISSION,2016,408,435694035,0,,10,80356252,18.44,1.492
LOTTERY COMMISSION,2017,471,376370488,0,,10,48640086,12.92,1.525
LOTTERY COMMISSION,2018,639,505047368,0,,18,55366092,10.96,1.435
LOTTERY COMMISSION,2019,616,471040756,2,9000000,20,69916999,14.84,1.691
LOTTERY COMMISSION,2020,640,784069712,0,,12,65127724,8.31,1.632
LOTTERY COMMISSION,2021,615,557996327,1,7167600,18,81088977,14.53,1.919
LOTTERY COMMISSION,2023,652,646578726,0,,30,88112756,13.63,2.588
LOTTERY COMMISSION,2024,661,703527068,0,,25,82900433,11.78,2.08
LOTTERY COMMISSION,2025,643,679017305,0,,27,75018589,11.05,2.1
MEDICAL BOARD,2016,7,963277,0,,5,662500,68.78,5.086
MEDICAL BOARD,2017,5,699200,0,,4,499200,71.4,5.92
MEDICAL BOARD,2018,6,784000,0,,4,478100,60.98,4.933
MEDICAL BOARD,2019,5,704648,0,,4,520048,73.8,5.92
MEDICAL BOARD,2020,8,1337164,0,,4,607600,45.44,3.7
MEDICAL BOARD,2021,5,782155,0,,4,570755,72.97,5.92
MEDICAL BOARD,2023,6,874114,0,,4,555400,63.54,4.933
MEDICAL BOARD,2024,6,10123300,0,,4,611000,6.04,4.933
MEDICAL BOARD,2025,6,856507,0,,4,524000,61.18,5.633
MINE INSPECTOR,2016,1,222876,0,,0,,,0.0
MINE INSPECTOR,2020,1,102600,0,,0,,,5.6
MINE INSPECTOR,2023,1,101900,0,,0,,,5.6
MINE INSPECTOR,2024,1,101900,0,,0,,,5.6
MINE INSPECTOR,2025,1,121000,0,,0,,,5.6
NATUROPATHIC PHYSICIANS MEDICAL BOARD,2024,1,1700000,0,,0,,,0.0
NORTHERN ARIZONA UNIVERSITY,2016,78,279469382,0,,0,,,0.646
NORTHERN ARIZONA UNIVERSITY,2017,69,248028800,0,,0,,,0.0
NORTHERN ARIZONA UNIVERSITY,2018,89,265926600,0,,0,,,0.0
NORTHERN ARIZONA UNIVERSITY,2019,95,111757026,0,,0,,,0.0
NORTHERN ARIZONA UNIVERSITY,2020,94,116750900,0,,0,,,0.0
NORTHERN ARIZONA UNIVERSITY,2021,84,132304300,0,,0,,,0.0
NORTHERN ARIZONA UNIVERSITY,2023,94,165861138,0,,0,,,0.0
NORTHERN ARIZONA UNIVERSITY,2024,84,138925500,0,,0,,,0.0
NORTHERN ARIZONA UNIVERSITY,2025,84,134294400,0,,0,,,0.0
OFFICE OF ECONOMIC OPPORTUNITY,2018,9,9693890,2,2138940,7,4443290,45.84,7.956
OFFICE OF ECONOMIC OPPORTUNITY,2019,4,3223756,0,,1,460705,14.29,3.15
OFFICE OF ECONOMIC OPPORTUNITY,2020,4,1282757,0,,0,,,2.8
OFFICE OF ECONOMIC OPPORTUNITY,2021,10,3948620,1,1099579,9,3843285,97.33,7.92
OFFICE OF ECONOMIC OPPORTUNITY,2023,36,10267875,0,,22,6164748,60.04,6.136
OFFICE OF ECONOMIC OPPORTUNITY,2024,40,22190336,2,2676681,19,6763136,30.48,4.125
OFFICE OF ECONOMIC OPPORTUNITY,2025,43,15188596,1,5461371,17,9530356,62.75,4.221
OFFICE OF TOURISM,2016,49,18278229,0,,9,2339296,12.8,2.841
OFFICE OF TOURISM,2017,49,19576747,0,,7,1213020,6.2,2.624
OFFICE OF TOURISM,2018,50,20122582,0,,1,228555,1.14,2.274
OFFICE OF TOURISM,2019,60,22650152,0,,0,,,0.733
OFFICE OF TOURISM,2020,55,24035143,0,,0,,,0.658
OFFICE OF TOURISM,2021,54,25866372,0,,13,5378537,20.79,3.857
OFFICE OF TOURISM,2023,130,46622408,3,3677985,39,15558332,33.37,4.085
OFFICE OF TOURISM,2024,80,33813130,1,1000000,18,6867215,20.31,2.709
OFFICE OF TOURISM,2025,100,36054819,0,,17,5827828,16.16,2.641
PARENTS COMMISSION DRUG EDU,2016,11,4500000,0,,0,,,0.0
PARENTS COMMISSION DRUG EDU,2017,9,3933058,0,,0,,,0.0
PARENTS COMMISSION DRUG EDU,2018,8,5026607,0,,0,,,0.0
PARENTS COMMISSION DRUG EDU,2019,8,4600000,0,,0,,,0.0
PARENTS COMMISSION DRUG EDU,2020,8,5167905,0,,0,,,0.0
PARENTS COMMISSION DRUG EDU,2021,6,5150000,0,,0,,,0.0
PARENTS COMMISSION DRUG EDU,2023,8,5170000,0,,0,,,0.0
PARENTS COMMISSION DRUG EDU,2024,8,5480000,0,,0,,,0.0
PARENTS COMMISSION DRUG EDU,2025,10,6166084,0,,0,,,0.0
PARKS BOARD,2016,35,11501823,0,,1,104297,0.91,1.863
PARKS BOARD,2017,32,6426583,0,,6,805843,12.54,4.037
PARKS BOARD,2018,42,8520949,0,,11,1354043,15.89,3.055
PARKS BOARD,2019,37,7622416,0,,2,1838612,24.12,3.397
PARKS BOARD,2020,45,14038004,0,,1,1000000,7.12,3.342
PARKS BOARD,2021,33,8897245,0,,2,366595,4.12,3.321
PARKS BOARD,2023,60,21378347,0,,0,,,1.125
PARKS BOARD,2024,137,89656708,1,6018628,3,9359099,10.44,1.853
PARKS BOARD,2025,123,29889177,0,,2,1748417,5.85,1.543
PERSONNEL BOARD,2016,1,522963,0,,0,,,0.0
PERSONNEL BOARD,2017,2,419806,0,,0,,,0.0
PERSONNEL BOARD,2019,1,193547,0,,0,,,0.0
PERSONNEL BOARD,2020,2,359077,0,,0,,,0.0
PERSONNEL BOARD,2021,2,372474,0,,0,,,0.0
PERSONNEL BOARD,2023,2,451491,0,,0,,,0.0
PERSONNEL BOARD,2024,3,644984,0,,0,,,0.0
PERSONNEL BOARD,2025,2,381149,0,,0,,,0.0
PIONEERS' HOME,2016,24,2528893,0,,0,,,0.0
PIONEERS' HOME,2017,9,1003965,0,,0,,,0.0
PIONEERS' HOME,2019,2,700667,0,,0,,,0.0
PIONEERS' HOME,2020,2,593941,0,,0,,,0.0
PIONEERS' HOME,2021,6,743251,0,,0,,,0.0
PIONEERS' HOME,2023,27,3801455,0,,0,,,0.0
PIONEERS' HOME,2024,33,5428657,0,,0,,,0.288
PIONEERS' HOME,2025,28,4375853,0,,0,,,0.2
PRESCOTT HISTORICAL SOCIETY,2024,1,183741,0,,0,,,5.6
PRESCOTT HISTORICAL SOCIETY,2025,1,185412,0,,0,,,5.6
PUBLIC SAFETY PERSONNEL RETIREMENT SYSTEM,2016,29,14579891,0,,0,,,0.0
PUBLIC SAFETY PERSONNEL RETIREMENT SYSTEM,2017,29,14759246,0,,0,,,0.0
PUBLIC SAFETY PERSONNEL RETIREMENT SYSTEM,2018,28,10220086,0,,0,,,0.0
PUBLIC SAFETY PERSONNEL RETIREMENT SYSTEM,2019,28,11682118,0,,0,,,0.0
PUBLIC SAFETY PERSONNEL RETIREMENT SYSTEM,2020,28,10510831,0,,0,,,0.0
PUBLIC SAFETY PERSONNEL RETIREMENT SYSTEM,2021,42,1012020882,0,,0,,,0.8
PUBLIC SAFETY PERSONNEL RETIREMENT SYSTEM,2023,30,73553443,0,,0,,,0.0
PUBLIC SAFETY PERSONNEL RETIREMENT SYSTEM,2024,29,14896126,0,,0,,,0.0
PUBLIC SAFETY PERSONNEL RETIREMENT SYSTEM,2025,27,14439250,0,,0,,,0.0
RADIATION REGULATORY AGENCY,2016,6,1072005,0,,0,,,1.4
RADIATION REGULATORY AGENCY,2017,4,789663,0,,0,,,0.0
REAL ESTATE DEPARTMENT,2016,1,235900,0,,0,,,5.6
REAL ESTATE DEPARTMENT,2017,1,235800,0,,0,,,5.6
REAL ESTATE DEPARTMENT,2018,2,308618,0,,0,,,2.8
REAL ESTATE DEPARTMENT,2019,1,190300,0,,0,,,5.6
REAL ESTATE DEPARTMENT,2020,2,369000,0,,0,,,5.6
REAL ESTATE DEPARTMENT,2021,1,187600,0,,0,,,5.6
REAL ESTATE DEPARTMENT,2023,1,195400,0,,0,,,5.6
REAL ESTATE DEPARTMENT,2024,1,193000,0,,0,,,5.6
REAL ESTATE DEPARTMENT,2025,1,195300,0,,0,,,5.6
REGISTRAR OF CONTRACTORS,2016,4,590743,0,,1,117591,19.91,2.9
REGISTRAR OF CONTRACTORS,2017,2,508800,0,,0,,,0.0
REGISTRAR OF CONTRACTORS,2018,4,934687,0,,1,240000,25.68,1.5
REGISTRAR OF CONTRACTORS,2019,9,5413222,0,,0,,,2.333
REGISTRAR OF CONTRACTORS,2020,25,3240393,0,,0,,,0.784
REGISTRAR OF CONTRACTORS,2021,22,2853873,0,,0,,,0.382
REGISTRAR OF CONTRACTORS,2023,25,3194999,0,,0,,,0.752
REGISTRAR OF CONTRACTORS,2024,23,3068124,0,,0,,,0.374
REGISTRAR OF CONTRACTORS,2025,22,2720491,0,,0,,,0.0
RESIDENTIAL UTILITY CONSUMER OFFICE,2016,1,120900,0,,0,,,5.6
RESIDENTIAL UTILITY CONSUMER OFFICE,2017,1,105900,0,,0,,,5.6
RESIDENTIAL UTILITY CONSUMER OFFICE,2018,1,106600,0,,0,,,5.6
RESIDENTIAL UTILITY CONSUMER OFFICE,2019,1,109600,0,,0,,,5.6
RESIDENTIAL UTILITY CONSUMER OFFICE,2020,1,111600,0,,0,,,5.6
RESIDENTIAL UTILITY CONSUMER OFFICE,2021,1,112800,0,,0,,,5.6
RESIDENTIAL UTILITY CONSUMER OFFICE,2023,1,118600,0,,0,,,5.6
RESIDENTIAL UTILITY CONSUMER OFFICE,2024,2,540000,0,,0,,,2.8
RESIDENTIAL UTILITY CONSUMER OFFICE,2025,1,116300,0,,0,,,5.6
RETIREE ACCUMULATED SICK LEAVE,2016,26,12352572,0,,0,,,0.0
RETIREE ACCUMULATED SICK LEAVE,2017,26,13195268,0,,0,,,0.0
RETIREE ACCUMULATED SICK LEAVE,2018,25,12773277,0,,0,,,0.0
RETIREE ACCUMULATED SICK LEAVE,2019,25,12640667,0,,0,,,0.0
RETIREE ACCUMULATED SICK LEAVE,2020,25,12384574,0,,0,,,0.0
RETIREE ACCUMULATED SICK LEAVE,2021,25,12960535,0,,0,,,0.0
RETIREE ACCUMULATED SICK LEAVE,2023,26,13228226,0,,0,,,0.0
RETIREE ACCUMULATED SICK LEAVE,2024,26,13897358,0,,0,,,0.0
RETIREE ACCUMULATED SICK LEAVE,2025,24,12558895,0,,0,,,0.0
SCHOOL FACILITIES BOARD,2016,92,511769231,0,,0,,,0.061
SCHOOL FACILITIES BOARD,2017,107,600283611,0,,0,,,0.052
SCHOOL FACILITIES BOARD,2018,123,642448009,0,,0,,,0.046
SCHOOL FACILITIES BOARD,2019,186,586388906,0,,0,,,0.03
SCHOOL FACILITIES BOARD,2020,319,695562090,0,,0,,,0.018
SCHOOL FACILITIES BOARD,2021,338,437293754,0,,0,,,0.017
SCHOOL FACILITIES BOARD,2023,11,10765608,0,,0,,,0.0
SCHOOLS FOR THE DEAF AND THE BLIND,2016,82,12145832,0,,1,100427,0.83,0.557
SCHOOLS FOR THE DEAF AND THE BLIND,2017,83,12294993,0,,1,100200,0.81,0.14
SCHOOLS FOR THE DEAF AND THE BLIND,2018,96,12788241,0,,0,,,0.108
SCHOOLS FOR THE DEAF AND THE BLIND,2019,85,14082045,0,,0,,,0.127
SCHOOLS FOR THE DEAF AND THE BLIND,2020,125,19502812,0,,9,1278420,6.56,0.788
SCHOOLS FOR THE DEAF AND THE BLIND,2021,104,16780074,0,,3,445518,2.66,0.419
SCHOOLS FOR THE DEAF AND THE BLIND,2023,96,16483207,0,,14,3214578,19.5,1.241
SCHOOLS FOR THE DEAF AND THE BLIND,2024,63,10536228,0,,27,5115944,48.56,2.813
SCHOOLS FOR THE DEAF AND THE BLIND,2025,32,4599096,0,,6,1352987,29.42,1.369
SECRETARY OF STATE (DEPT OF STATE),2016,14,4997661,0,,2,1721945,34.46,1.55
SECRETARY OF STATE (DEPT OF STATE),2017,40,16041361,0,,2,1479035,9.22,2.03
SECRETARY OF STATE (DEPT OF STATE),2018,17,4882835,0,,5,1888400,38.67,3.829
SECRETARY OF STATE (DEPT OF STATE),2019,24,8945034,1,1444574,3,3253937,36.38,3.013
SECRETARY OF STATE (DEPT OF STATE),2020,38,8531805,0,,6,2641554,30.96,1.489
SECRETARY OF STATE (DEPT OF STATE),2021,36,18237202,2,3469836,10,4806362,26.35,2.725
SECRETARY OF STATE (DEPT OF STATE),2023,25,8678737,2,2271155,5,4229811,48.74,2.824
SECRETARY OF STATE (DEPT OF STATE),2024,37,12146893,0,,5,2893991,23.82,2.738
SECRETARY OF STATE (DEPT OF STATE),2025,40,11717551,1,2381435,6,4152818,35.44,2.173
SENATE,2016,2,360041,0,,1,140829,39.11,3.0
SENATE,2017,1,281665,0,,0,,,5.6
SENATE,2023,13,5828464,1,1500000,1,1500000,25.74,4.538
SENATE,2024,1,184900,0,,0,,,5.6
SENATE,2025,1,184900,0,,0,,,5.6
STATE TREASURER,2016,18,23003612,0,,2,2523400,10.97,2.294
STATE TREASURER,2017,73,99464862,0,,1,2230353,2.24,0.729
STATE TREASURER,2018,73,96765793,0,,1,454935,0.47,1.17
STATE TREASURER,2019,59,111356486,0,,3,8870283,7.97,0.902
STATE TREASURER,2020,77,158443875,0,,2,9441490,5.96,1.273
STATE TREASURER,2021,72,129394361,0,,1,110000,0.09,0.729
STATE TREASURER,2023,67,115020606,0,,1,1556124,1.35,0.458
STATE TREASURER,2024,191,301826633,0,,5,1181946,0.39,0.443
STATE TREASURER,2025,128,149977561,0,,3,2932287,1.96,0.626
STATEWIDE SYSTEMS PROCESSING,2016,123,208515745,0,,0,,,0.023
STATEWIDE SYSTEMS PROCESSING,2017,147,320107991,0,,0,,,0.095
STATEWIDE SYSTEMS PROCESSING,2018,134,274765794,0,,1,1212398,0.44,0.063
STATEWIDE SYSTEMS PROCESSING,2019,151,582479666,0,,0,,,0.056
STATEWIDE SYSTEMS PROCESSING,2020,231,708489663,0,,0,,,0.055
STATEWIDE SYSTEMS PROCESSING,2021,143,499059346,0,,0,,,0.039
STATEWIDE SYSTEMS PROCESSING,2023,151,223300164,0,,0,,,0.056
STATEWIDE SYSTEMS PROCESSING,2024,168,204292211,0,,0,,,0.117
STATEWIDE SYSTEMS PROCESSING,2025,140,152375695,0,,0,,,0.08
SUPREME COURT,2016,415,131287387,0,,5,4631834,3.53,1.033
SUPREME COURT,2017,448,137729785,0,,3,4328342,3.14,0.809
SUPREME COURT,2018,441,134907609,0,,1,1694800,1.26,0.819
SUPREME COURT,2019,462,136881798,0,,3,5180913,3.78,0.745
SUPREME COURT,2020,478,152160326,0,,2,4288135,2.82,0.562
SUPREME COURT,2021,481,161510982,0,,3,4893289,3.03,0.645
SUPREME COURT,2023,587,204138131,0,,5,7634571,3.74,0.764
SUPREME COURT,2024,588,201555450,0,,9,7967079,3.95,0.997
SUPREME COURT,2025,592,202494453,0,,19,10178670,5.03,1.177
UNIVERSITY OF ARIZONA,2016,180,839618962,0,,0,,,0.529
UNIVERSITY OF ARIZONA,2017,170,707601197,0,,0,,,0.148
UNIVERSITY OF ARIZONA,2018,175,714026570,0,,0,,,0.0
UNIVERSITY OF ARIZONA,2019,149,277320890,0,,0,,,0.0
UNIVERSITY OF ARIZONA,2020,149,292669840,0,,0,,,0.0
UNIVERSITY OF ARIZONA,2021,143,329821156,0,,0,,,0.0
UNIVERSITY OF ARIZONA,2023,189,377221197,0,,0,,,0.0
UNIVERSITY OF ARIZONA,2024,209,380550468,0,,0,,,0.0
UNIVERSITY OF ARIZONA,2025,184,371687672,0,,0,,,0.0
VETERINARY MEDICAL EXAMINING BOARD,2024,1,1700000,0,,0,,,0.0
WATER INFRASTRUCTURE FINANCE AUTHORITY,2016,137,485717919,0,,0,,,0.061
WATER INFRASTRUCTURE FINANCE AUTHORITY,2017,4,1418424,0,,0,,,0.0
WATER INFRASTRUCTURE FINANCE AUTHORITY OF ARIZONA,2023,17,20383026,0,,0,,,0.0
WATER INFRASTRUCTURE FINANCE AUTHORITY OF ARIZONA,2024,179,550609005,0,,0,,,0.0
WATER INFRASTRUCTURE FINANCE AUTHORITY OF ARIZONA,2025,254,124945559,0,,0,,,0.018
WEIGHTS AND MEASURES,2016,9,1521332,0,,0,,,0.0
